DATE,Avg_WS50M
1/01/2015,6.7092
2/01/2015,6.1246
3/01/2015,4.7685
4/01/2015,6.2146
5/01/2015,7.3046
6/01/2015,6.3923
7/01/2015,5.9862
8/01/2015,6.1069
9/01/2015,4.9031
10/01/2015,6.7038
11/01/2015,9.0638
12/01/2015,6.6215
13/01/2015,3.7131
14/01/2015,3.2085
15/01/2015,3.0092
16/01/2015,7.8908
17/01/2015,8.9185
18/01/2015,9.9962
19/01/2015,9.0054
20/01/2015,5.7315
21/01/2015,4.7292
22/01/2015,5.1715
23/01/2015,2.6323
24/01/2015,3.6577
25/01/2015,4.0754
26/01/2015,4.9731
27/01/2015,5.58
28/01/2015,5.6308
29/01/2015,4.9585
30/01/2015,5.3023
31/01/2015,4.5177
1/02/2015,6.0554
2/02/2015,9.5392
3/02/2015,10.5238
4/02/2015,12.1138
5/02/2015,12.0531
6/02/2015,9.6577
7/02/2015,7.1738
8/02/2015,8.2692
9/02/2015,10.0877
10/02/2015,7.3577
11/02/2015,4.9815
12/02/2015,5.0608
13/02/2015,6.5992
14/02/2015,9.0308
15/02/2015,6.7838
16/02/2015,4.7315
17/02/2015,3.1208
18/02/2015,5.57
19/02/2015,6.5438
20/02/2015,2.7754
21/02/2015,6.8392
22/02/2015,4.27
23/02/2015,4.3169
24/02/2015,4.2115
25/02/2015,6.2423
26/02/2015,5.4231
27/02/2015,4.3269
28/02/2015,6.1669
1/03/2015,5.7808
2/03/2015,7.2623
3/03/2015,5.0546
4/03/2015,4.7692
5/03/2015,5.5185
6/03/2015,10.4431
7/03/2015,10.8569
8/03/2015,7.8238
9/03/2015,4.5492
10/03/2015,4.5662
11/03/2015,4.4238
12/03/2015,3.71
13/03/2015,5.5515
14/03/2015,4.5838
15/03/2015,5.7723
16/03/2015,7.58
17/03/2015,10.6115
18/03/2015,8.0492
19/03/2015,7.5277
20/03/2015,4.5031
21/03/2015,6.2777
22/03/2015,4.6
23/03/2015,3.5277
24/03/2015,5.8523
25/03/2015,5.7531
26/03/2015,4.7292
27/03/2015,3.7292
28/03/2015,5.3454
29/03/2015,8.57
30/03/2015,6.3946
31/03/2015,4.9062
1/04/2015,3.7008
2/04/2015,8.6708
3/04/2015,6.5223
4/04/2015,9.6092
5/04/2015,4.1462
6/04/2015,6.9646
7/04/2015,9.5062
8/04/2015,7.9492
9/04/2015,6.0208
10/04/2015,7.3223
11/04/2015,6.2385
12/04/2015,11.9815
13/04/2015,10.6985
14/04/2015,8.1854
15/04/2015,8.5715
16/04/2015,5.8677
17/04/2015,8.1908
18/04/2015,5.3531
19/04/2015,5.8092
20/04/2015,6.3962
21/04/2015,4.0146
22/04/2015,4.6062
23/04/2015,5.5792
24/04/2015,4.8154
25/04/2015,7.14
26/04/2015,8.9415
27/04/2015,12.2585
28/04/2015,9.3338
29/04/2015,11.8038
30/04/2015,9.53
1/05/2015,6.6015
2/05/2015,6.4108
3/05/2015,4.6815
4/05/2015,6.1631
5/05/2015,7.7954
6/05/2015,11.2846
7/05/2015,11.6746
8/05/2015,8.6831
9/05/2015,9.3308
10/05/2015,8.3
11/05/2015,9.1731
12/05/2015,10.2938
13/05/2015,11.2785
14/05/2015,9.2215
15/05/2015,6.75
16/05/2015,10.1008
17/05/2015,5.8038
18/05/2015,8.4877
19/05/2015,5.4523
20/05/2015,5.0938
21/05/2015,10.8746
22/05/2015,6.8808
23/05/2015,6.94
24/05/2015,9.8946
25/05/2015,10.1969
26/05/2015,7.6969
27/05/2015,7.2238
28/05/2015,3.0846
29/05/2015,5.94
30/05/2015,7.5077
31/05/2015,6.6262
1/06/2015,6.6108
2/06/2015,8.3677
3/06/2015,8.8054
4/06/2015,8.2592
5/06/2015,4.9538
6/06/2015,5.2877
7/06/2015,5.7777
8/06/2015,8.1131
9/06/2015,11.6146
10/06/2015,12.5815
11/06/2015,10.8215
12/06/2015,13.8069
13/06/2015,11.5569
14/06/2015,10.7146
15/06/2015,7.4362
16/06/2015,6.4346
17/06/2015,6.3246
18/06/2015,10.5208
19/06/2015,12.3862
20/06/2015,8.8162
21/06/2015,8.9938
22/06/2015,9.9623
23/06/2015,7.8685
24/06/2015,6.6292
25/06/2015,5.5623
26/06/2015,9.7546
27/06/2015,8.0638
28/06/2015,10.14
29/06/2015,12.9838
30/06/2015,9.2192
1/07/2015,7.05
2/07/2015,7.5938
3/07/2015,10.3308
4/07/2015,5.4046
5/07/2015,9.0762
6/07/2015,10.4708
7/07/2015,6.1746
8/07/2015,8.8654
9/07/2015,9.6185
10/07/2015,8.2892
11/07/2015,4.9377
12/07/2015,3.3723
13/07/2015,4.0608
14/07/2015,7.1031
15/07/2015,8.8154
16/07/2015,5.9808
17/07/2015,6.37
18/07/2015,8.0885
19/07/2015,11.4592
20/07/2015,9.3246
21/07/2015,9.3108
22/07/2015,7.2077
23/07/2015,6.5277
24/07/2015,5.3762
25/07/2015,5.2862
26/07/2015,9.8977
27/07/2015,7.8946
28/07/2015,8.9292
29/07/2015,8.5454
30/07/2015,6.0331
31/07/2015,7.5731
1/08/2015,7.8062
2/08/2015,7.95
3/08/2015,10.3162
4/08/2015,11.8662
5/08/2015,5.5923
6/08/2015,8.6492
7/08/2015,11.03
8/08/2015,7.3208
9/08/2015,6.2646
10/08/2015,7.0115
11/08/2015,7.7492
12/08/2015,4.6569
13/08/2015,5.0792
14/08/2015,7.7646
15/08/2015,6.3508
16/08/2015,7.37
17/08/2015,5.2969
18/08/2015,9.4408
19/08/2015,10.2715
20/08/2015,6.7569
21/08/2015,3.0408
22/08/2015,4.6838
23/08/2015,7.6654
24/08/2015,9.4446
25/08/2015,9.0877
26/08/2015,6.5231
27/08/2015,3.5477
28/08/2015,5.3915
29/08/2015,7.6754
30/08/2015,6.3608
31/08/2015,7.1415
1/09/2015,9.94
2/09/2015,8.8546
3/09/2015,6.9169
4/09/2015,8.79
5/09/2015,8.42
6/09/2015,8.2369
7/09/2015,7.12
8/09/2015,5.3646
9/09/2015,8.2538
10/09/2015,9.5431
11/09/2015,7.7323
12/09/2015,7.4462
13/09/2015,6.8762
14/09/2015,5.1354
15/09/2015,8.3
16/09/2015,10.6592
17/09/2015,9.4669
18/09/2015,9.3438
19/09/2015,7.2938
20/09/2015,9.7115
21/09/2015,12.5992
22/09/2015,6.3992
23/09/2015,7.9054
24/09/2015,9.8277
25/09/2015,6.4685
26/09/2015,8.2015
27/09/2015,4.3838
28/09/2015,4.2523
29/09/2015,3.1423
30/09/2015,5.8131
1/10/2015,9.9492
2/10/2015,10.5738
3/10/2015,7.7038
4/10/2015,12.9954
5/10/2015,9.0346
6/10/2015,10.4046
7/10/2015,11.9754
8/10/2015,8.44
9/10/2015,6.41
10/10/2015,7.2854
11/10/2015,8.7662
12/10/2015,11.0008
13/10/2015,9.67
14/10/2015,5.5462
15/10/2015,6.4492
16/10/2015,11.1992
17/10/2015,9.3015
18/10/2015,12.9846
19/10/2015,10.2
20/10/2015,8.0123
21/10/2015,12.8315
22/10/2015,10.8108
23/10/2015,9.8608
24/10/2015,5.36
25/10/2015,6.1946
26/10/2015,7.5308
27/10/2015,6.8592
28/10/2015,7.1862
29/10/2015,7.6415
30/10/2015,6.8877
31/10/2015,6.3077
1/11/2015,4.4169
2/11/2015,10.6477
3/11/2015,10.6685
4/11/2015,10.3046
5/11/2015,7.4254
6/11/2015,4.5215
7/11/2015,6.4585
8/11/2015,7.4885
9/11/2015,4.2492
10/11/2015,7.0423
11/11/2015,8.4069
12/11/2015,8.7431
13/11/2015,6.7608
14/11/2015,8.1169
15/11/2015,7.4592
16/11/2015,5.4562
17/11/2015,8.2354
18/11/2015,7.12
19/11/2015,5.6492
20/11/2015,13.13
21/11/2015,8.5792
22/11/2015,10.2585
23/11/2015,10.2185
24/11/2015,10.3877
25/11/2015,8.6369
26/11/2015,10.5331
27/11/2015,12.4685
28/11/2015,9.5554
29/11/2015,5.0815
30/11/2015,4.2754
1/12/2015,5.3023
2/12/2015,6.4838
3/12/2015,9.5754
4/12/2015,7.8692
5/12/2015,10.4138
6/12/2015,6.2646
7/12/2015,9.3308
8/12/2015,6.0408
9/12/2015,5.5069
10/12/2015,10.6031
11/12/2015,6.1931
12/12/2015,9.6085
13/12/2015,11.7477
14/12/2015,8.3015
15/12/2015,8.1262
16/12/2015,6.3015
17/12/2015,6.4131
18/12/2015,6.5892
19/12/2015,5.9046
20/12/2015,5.7408
21/12/2015,10.6923
22/12/2015,9.8662
23/12/2015,6.4431
24/12/2015,6.7577
25/12/2015,4.5454
26/12/2015,3.6577
27/12/2015,4.2485
28/12/2015,3.9692
29/12/2015,5.5854
30/12/2015,3.8115
31/12/2015,6.1969
1/01/2016,5.0208
2/01/2016,4.7408
3/01/2016,7.5446
4/01/2016,8.9223
5/01/2016,4.0846
6/01/2016,4.3908
7/01/2016,8.2308
8/01/2016,14.7069
9/01/2016,9.7508
10/01/2016,10.3231
11/01/2016,4.7285
12/01/2016,8.7731
13/01/2016,8.2162
14/01/2016,6.2915
15/01/2016,11.1338
16/01/2016,6.1677
17/01/2016,3.4192
18/01/2016,5.8654
19/01/2016,7.9938
20/01/2016,8.1392
21/01/2016,7.8954
22/01/2016,8.5823
23/01/2016,7.0131
24/01/2016,6.4215
25/01/2016,6.1777
26/01/2016,5.1231
27/01/2016,6.6746
28/01/2016,8.1577
29/01/2016,3.6846
30/01/2016,4.47
31/01/2016,4.5638
1/02/2016,4.9823
2/02/2016,4.8469
3/02/2016,3.7038
4/02/2016,6.7131
5/02/2016,5.6069
6/02/2016,6.4569
7/02/2016,5.8115
8/02/2016,4.6946
9/02/2016,6.74
10/02/2016,5.9131
11/02/2016,5.7415
12/02/2016,5.4915
13/02/2016,2.9808
14/02/2016,4.2631
15/02/2016,6.1908
16/02/2016,6.9277
17/02/2016,8.8315
18/02/2016,11.3323
19/02/2016,11.2277
20/02/2016,9.3408
21/02/2016,5.7592
22/02/2016,4.2238
23/02/2016,6.8308
24/02/2016,8.6754
25/02/2016,8.3969
26/02/2016,9.4638
27/02/2016,10.6077
28/02/2016,7.5915
29/02/2016,8.6962
1/03/2016,7.08
2/03/2016,5.7246
3/03/2016,5.2362
4/03/2016,6.5262
5/03/2016,8.1569
6/03/2016,7.4815
7/03/2016,6.8069
8/03/2016,10.2831
9/03/2016,4.9785
10/03/2016,13.5631
11/03/2016,10.3777
12/03/2016,4.7131
13/03/2016,4.5785
14/03/2016,5.3315
15/03/2016,6.3446
16/03/2016,7.8946
17/03/2016,6.0331
18/03/2016,4.5031
19/03/2016,5.7931
20/03/2016,5.5415
21/03/2016,5.2562
22/03/2016,5.3631
23/03/2016,7.3623
24/03/2016,8.8546
25/03/2016,6.8777
26/03/2016,4.7008
27/03/2016,6.0738
28/03/2016,6.1185
29/03/2016,6.4915
30/03/2016,4.9215
31/03/2016,4.1008
1/04/2016,5.4962
2/04/2016,5.7262
3/04/2016,9.0108
4/04/2016,7.35
5/04/2016,5.8031
6/04/2016,4.3308
7/04/2016,8.8677
8/04/2016,7.8177
9/04/2016,4.5623
10/04/2016,4.7269
11/04/2016,8.9192
12/04/2016,9.1938
13/04/2016,6.0962
14/04/2016,4.9469
15/04/2016,4.0469
16/04/2016,7.12
17/04/2016,6.49
18/04/2016,6.5977
19/04/2016,4.4023
20/04/2016,4.6608
21/04/2016,4.1692
22/04/2016,6.5985
23/04/2016,10.1931
24/04/2016,7.5608
25/04/2016,7.0808
26/04/2016,6.2115
27/04/2016,4.7854
28/04/2016,6.9092
29/04/2016,8.4862
30/04/2016,5.6438
1/05/2016,8.06
2/05/2016,10.0023
3/05/2016,9.3938
4/05/2016,8.0908
5/05/2016,6.68
6/05/2016,5.4031
7/05/2016,4.8508
8/05/2016,4.8592
9/05/2016,6.29
10/05/2016,5.6962
11/05/2016,10.3092
12/05/2016,13.0115
13/05/2016,13.5015
14/05/2016,11.5846
15/05/2016,8.56
16/05/2016,11.2923
17/05/2016,7.7438
18/05/2016,11.87
19/05/2016,12.1208
20/05/2016,10.8269
21/05/2016,7.9108
22/05/2016,7.2508
23/05/2016,7.2608
24/05/2016,8.2246
25/05/2016,11.6308
26/05/2016,10.0877
27/05/2016,7.2677
28/05/2016,11.0877
29/05/2016,8.3062
30/05/2016,5.91
31/05/2016,6.2492
1/06/2016,6.9192
2/06/2016,4.8969
3/06/2016,3.6746
4/06/2016,3.5992
5/06/2016,3.4938
6/06/2016,4.5323
7/06/2016,4.3992
8/06/2016,5.8523
9/06/2016,7.4277
10/06/2016,12.2746
11/06/2016,9.5554
12/06/2016,10.5331
13/06/2016,7.3392
14/06/2016,8.44
15/06/2016,10.0931
16/06/2016,6.8054
17/06/2016,7.3446
18/06/2016,8.6046
19/06/2016,7.4954
20/06/2016,6.1385
21/06/2016,7.0523
22/06/2016,8.7508
23/06/2016,9.7038
24/06/2016,7.13
25/06/2016,6.1838
26/06/2016,9.6192
27/06/2016,6.6285
28/06/2016,5.8285
29/06/2016,5.6585
30/06/2016,9.9638
1/07/2016,6.93
2/07/2016,7.4092
3/07/2016,7.6915
4/07/2016,9.0508
5/07/2016,5.7085
6/07/2016,5.1662
7/07/2016,6.5277
8/07/2016,11.5438
9/07/2016,9.4146
10/07/2016,6.3669
11/07/2016,4.8838
12/07/2016,6.3138
13/07/2016,10.2731
14/07/2016,12.59
15/07/2016,11.8954
16/07/2016,7.0446
17/07/2016,9.7023
18/07/2016,9.1115
19/07/2016,10.1208
20/07/2016,9.5615
21/07/2016,5.8746
22/07/2016,7.6892
23/07/2016,11.9138
24/07/2016,16.1877
25/07/2016,11.2669
26/07/2016,4.9869
27/07/2016,10.2354
28/07/2016,12.4985
29/07/2016,11.7938
30/07/2016,11.4085
31/07/2016,12.18
1/08/2016,8.1185
2/08/2016,5.5669
3/08/2016,10.0131
4/08/2016,7.0769
5/08/2016,8.8815
6/08/2016,11.8723
7/08/2016,7.7169
8/08/2016,6.0685
9/08/2016,6.0046
10/08/2016,5.2931
11/08/2016,5.3262
12/08/2016,7.6215
13/08/2016,6.2854
14/08/2016,7.0538
15/08/2016,5.4846
16/08/2016,3.5515
17/08/2016,4.6569
18/08/2016,4.4331
19/08/2016,4.2285
20/08/2016,4.4323
21/08/2016,6.3331
22/08/2016,8.2885
23/08/2016,4.4231
24/08/2016,5.6054
25/08/2016,5.1562
26/08/2016,5.6138
27/08/2016,10.0854
28/08/2016,7.3277
29/08/2016,5.8638
30/08/2016,4.7831
31/08/2016,3.3985
1/09/2016,8.7223
2/09/2016,9.8908
3/09/2016,7.5654
4/09/2016,7.7162
5/09/2016,11.2969
6/09/2016,5.3008
7/09/2016,13.4585
8/09/2016,13.4831
9/09/2016,11.3262
10/09/2016,7.6308
11/09/2016,4.5346
12/09/2016,8.7731
13/09/2016,8.1915
14/09/2016,7.1808
15/09/2016,5.2369
16/09/2016,9.8277
17/09/2016,8.3469
18/09/2016,6.2869
19/09/2016,5.78
20/09/2016,6.4469
21/09/2016,5.6238
22/09/2016,5.5038
23/09/2016,4.6515
24/09/2016,4.85
25/09/2016,8.0492
26/09/2016,7.5
27/09/2016,6.9554
28/09/2016,5.4846
29/09/2016,6.6685
30/09/2016,4.3854
1/10/2016,5.8862
2/10/2016,7.2469
3/10/2016,4.27
4/10/2016,6.3885
5/10/2016,10.8408
6/10/2016,10.5562
7/10/2016,7.8808
8/10/2016,11.4485
9/10/2016,6.6923
10/10/2016,5.8169
11/10/2016,8.2815
12/10/2016,9.0215
13/10/2016,7.36
14/10/2016,7.74
15/10/2016,7.4762
16/10/2016,8.9769
17/10/2016,9.9723
18/10/2016,9.9685
19/10/2016,9.9262
20/10/2016,6.1477
21/10/2016,8.1938
22/10/2016,7.29
23/10/2016,3.6262
24/10/2016,4.7746
25/10/2016,7.0792
26/10/2016,7.08
27/10/2016,7.1531
28/10/2016,9.7762
29/10/2016,7.29
30/10/2016,7.2169
31/10/2016,3.7546
1/11/2016,6.1838
2/11/2016,7.3015
3/11/2016,9.3831
4/11/2016,6.68
5/11/2016,7.5423
6/11/2016,9.2592
7/11/2016,7.1885
8/11/2016,8.9869
9/11/2016,8.2762
10/11/2016,6.94
11/11/2016,8.2938
12/11/2016,7.0962
13/11/2016,5.8223
14/11/2016,8.6469
15/11/2016,12.5577
16/11/2016,12.2138
17/11/2016,9.4715
18/11/2016,9.1046
19/11/2016,10.9338
20/11/2016,9.0977
21/11/2016,8.79
22/11/2016,8.5154
23/11/2016,9.5154
24/11/2016,5.6662
25/11/2016,9.9385
26/11/2016,12.8523
27/11/2016,15.5238
28/11/2016,11.9331
29/11/2016,11.6054
30/11/2016,7.4592
1/12/2016,3.6277
2/12/2016,4.5808
3/12/2016,5.5146
4/12/2016,5.23
5/12/2016,3.6715
6/12/2016,7.82
7/12/2016,8.0954
8/12/2016,4.6392
9/12/2016,4.1677
10/12/2016,9.8677
11/12/2016,7.8254
12/12/2016,8.5269
13/12/2016,7.3231
14/12/2016,9.7785
15/12/2016,12.8262
16/12/2016,9.7815
17/12/2016,5.96
18/12/2016,10.5338
19/12/2016,10.9554
20/12/2016,4.3269
21/12/2016,8.5362
22/12/2016,9.5992
23/12/2016,9.0992
24/12/2016,8.4662
25/12/2016,5.5015
26/12/2016,4.2085
27/12/2016,11.6992
28/12/2016,7.1677
29/12/2016,6.3854
30/12/2016,3.4508
31/12/2016,7.7977
1/01/2017,12.7508
2/01/2017,7.8492
3/01/2017,7.5131
4/01/2017,9.6846
5/01/2017,5.6969
6/01/2017,9.9008
7/01/2017,7.1877
8/01/2017,9.4085
9/01/2017,9.7638
10/01/2017,8.5138
11/01/2017,10.0069
12/01/2017,13.0031
13/01/2017,9.2985
14/01/2017,8.4762
15/01/2017,12.7962
16/01/2017,10.8154
17/01/2017,10.0877
18/01/2017,10.6754
19/01/2017,13.0531
20/01/2017,4.8277
21/01/2017,7.1292
22/01/2017,14.85
23/01/2017,8.0023
24/01/2017,7.6654
25/01/2017,11.3469
26/01/2017,9.2738
27/01/2017,10.4954
28/01/2017,4.5123
29/01/2017,10.3946
30/01/2017,6.4092
31/01/2017,11.1092
1/02/2017,11.1515
2/02/2017,7.83
3/02/2017,9.6885
4/02/2017,8.5077
5/02/2017,7.2969
6/02/2017,10.2669
7/02/2017,7.3938
8/02/2017,8.4246
9/02/2017,6.4454
10/02/2017,5.1008
11/02/2017,3.6192
12/02/2017,10.5923
13/02/2017,13.3962
14/02/2017,9.6715
15/02/2017,5.7808
16/02/2017,3.9015
17/02/2017,6.5915
18/02/2017,4.7462
19/02/2017,4.6215
20/02/2017,5.0015
21/02/2017,5.1538
22/02/2017,5.7554
23/02/2017,5.5462
24/02/2017,3.5738
25/02/2017,5.8323
26/02/2017,5.4238
27/02/2017,4.4577
28/02/2017,2.7846
1/03/2017,4.8892
2/03/2017,4.1962
3/03/2017,8.5838
4/03/2017,8.7031
5/03/2017,8.9123
6/03/2017,8.0054
7/03/2017,7.4962
8/03/2017,9.7323
9/03/2017,7.1385
10/03/2017,5.3962
11/03/2017,4.9685
12/03/2017,5.7415
13/03/2017,4.5215
14/03/2017,8.1462
15/03/2017,7.74
16/03/2017,3.2431
17/03/2017,6.6346
18/03/2017,7.5377
19/03/2017,4.4469
20/03/2017,9.8708
21/03/2017,5.6085
22/03/2017,7.74
23/03/2017,4.3446
24/03/2017,7.01
25/03/2017,5.5515
26/03/2017,6.5008
27/03/2017,5.7392
28/03/2017,4.9969
29/03/2017,4.7454
30/03/2017,5.8923
31/03/2017,7.0123
1/04/2017,6.0923
2/04/2017,7.5377
3/04/2017,6.05
4/04/2017,10.9331
5/04/2017,9.9485
6/04/2017,9.2823
7/04/2017,6.5977
8/04/2017,4.3223
9/04/2017,3.0915
10/04/2017,4.2385
11/04/2017,5.16
12/04/2017,7.2462
13/04/2017,7.2754
14/04/2017,9.2946
15/04/2017,9.4692
16/04/2017,4.7
17/04/2017,4.5869
18/04/2017,4.6323
19/04/2017,5.2377
20/04/2017,6.9923
21/04/2017,3.5785
22/04/2017,3.4085
23/04/2017,5.5992
24/04/2017,3.8554
25/04/2017,3.2315
26/04/2017,5.9508
27/04/2017,7.0546
28/04/2017,9.7385
29/04/2017,7.2008
30/04/2017,8.7177
1/05/2017,9.4946
2/05/2017,6.5038
3/05/2017,11.0946
4/05/2017,8.8246
5/05/2017,5.3385
6/05/2017,2.7223
7/05/2017,4.0085
8/05/2017,6.4315
9/05/2017,6.59
10/05/2017,4.7908
11/05/2017,7.9308
12/05/2017,9.7062
13/05/2017,8.5923
14/05/2017,4.1346
15/05/2017,3.6208
16/05/2017,5.1015
17/05/2017,8.2054
18/05/2017,9.1092
19/05/2017,12.3308
20/05/2017,10.4131
21/05/2017,8.0462
22/05/2017,5.5638
23/05/2017,9.8062
24/05/2017,5.5215
25/05/2017,3.5615
26/05/2017,5.6654
27/05/2017,5.4669
28/05/2017,6.8592
29/05/2017,3.3146
30/05/2017,5.7423
31/05/2017,3.6346
1/06/2017,4.8523
2/06/2017,5.3323
3/06/2017,5.28
4/06/2017,3.9338
5/06/2017,4.1423
6/06/2017,2.9862
7/06/2017,5.8185
8/06/2017,6.0277
9/06/2017,5.4138
10/06/2017,7.8031
11/06/2017,6.1862
12/06/2017,9.6
13/06/2017,13.0923
14/06/2017,11.7746
15/06/2017,7.7708
16/06/2017,4.4
17/06/2017,2.7492
18/06/2017,6.29
19/06/2017,6.1431
20/06/2017,4.4069
21/06/2017,6.0446
22/06/2017,7.1046
23/06/2017,8.0323
24/06/2017,6.0438
25/06/2017,7.1477
26/06/2017,4.5669
27/06/2017,3.8746
28/06/2017,2.5208
29/06/2017,2.4846
30/06/2017,6.5277
1/07/2017,10.0131
2/07/2017,5.9554
3/07/2017,4.5938
4/07/2017,7.79
5/07/2017,4.5254
6/07/2017,5.1646
7/07/2017,5.6477
8/07/2017,4.5362
9/07/2017,5.2946
10/07/2017,4.1969
11/07/2017,5.6985
12/07/2017,11.4115
13/07/2017,13.6823
14/07/2017,10.9069
15/07/2017,4.7508
16/07/2017,6.0285
17/07/2017,7.59
18/07/2017,4.0138
19/07/2017,6.2731
20/07/2017,7.7777
21/07/2017,13.0546
22/07/2017,8.78
23/07/2017,5.7469
24/07/2017,8.63
25/07/2017,6.2977
26/07/2017,6.4654
27/07/2017,7.8269
28/07/2017,10.03
29/07/2017,6.7862
30/07/2017,3.3923
31/07/2017,7.7508
1/08/2017,6.4369
2/08/2017,6.2238
3/08/2017,7.9654
4/08/2017,5.8185
5/08/2017,4.7646
6/08/2017,9.0392
7/08/2017,7.4354
8/08/2017,7.79
9/08/2017,8.6962
10/08/2017,8.0838
11/08/2017,8.8038
12/08/2017,11.0862
13/08/2017,10.1631
14/08/2017,6.3062
15/08/2017,7.6215
16/08/2017,9.1531
17/08/2017,11.8869
18/08/2017,6.3769
19/08/2017,4.5477
20/08/2017,7.4069
21/08/2017,8.2723
22/08/2017,4.8346
23/08/2017,4.4454
24/08/2017,6.0569
25/08/2017,7.0646
26/08/2017,6.5038
27/08/2017,7.0631
28/08/2017,7.6777
29/08/2017,5.7208
30/08/2017,4.4685
31/08/2017,6.2531
1/09/2017,7.3677
2/09/2017,8.1638
3/09/2017,7.7592
4/09/2017,4.0385
5/09/2017,8.1185
6/09/2017,10.2454
7/09/2017,11.8546
8/09/2017,11.7715
9/09/2017,10.0654
10/09/2017,9.8723
11/09/2017,6.6838
12/09/2017,7.6885
13/09/2017,8.1362
14/09/2017,9.1608
15/09/2017,11.1023
16/09/2017,8.8177
17/09/2017,9.9538
18/09/2017,7.8092
19/09/2017,5.2615
20/09/2017,2.9723
21/09/2017,4.5154
22/09/2017,4.5723
23/09/2017,5.1469
24/09/2017,8.9954
25/09/2017,13.0185
26/09/2017,12.9962
27/09/2017,4.2138
28/09/2017,4.2569
29/09/2017,8.2923
30/09/2017,4.9431
1/10/2017,6.3746
2/10/2017,9.7085
3/10/2017,7.6462
4/10/2017,10.4792
5/10/2017,6.4408
6/10/2017,6.7285
7/10/2017,6.1854
8/10/2017,8.0408
9/10/2017,7.3546
10/10/2017,5.1077
11/10/2017,10.1262
12/10/2017,4.5815
13/10/2017,9.9877
14/10/2017,8.8823
15/10/2017,9.0154
16/10/2017,8.3331
17/10/2017,6.1954
18/10/2017,7.4208
19/10/2017,3.9562
20/10/2017,3.61
21/10/2017,9.3385
22/10/2017,10.6262
23/10/2017,8.2392
24/10/2017,7.5931
25/10/2017,9.5169
26/10/2017,7.8646
27/10/2017,5.0246
28/10/2017,4.0285
29/10/2017,4.8408
30/10/2017,4.7815
31/10/2017,4.5185
1/11/2017,4.4092
2/11/2017,6.6515
3/11/2017,9.4223
4/11/2017,9.9938
5/11/2017,10.0915
6/11/2017,8.0054
7/11/2017,9.5177
8/11/2017,13.1185
9/11/2017,9.4092
10/11/2017,7.1092
11/11/2017,8.2931
12/11/2017,7.4485
13/11/2017,5.7231
14/11/2017,3.46
15/11/2017,2.9377
16/11/2017,5.6608
17/11/2017,6.1392
18/11/2017,8.7462
19/11/2017,7.9192
20/11/2017,6.6754
21/11/2017,4.9792
22/11/2017,3.3254
23/11/2017,2.1692
24/11/2017,4.2392
25/11/2017,3.6492
26/11/2017,2.8508
27/11/2017,2.31
28/11/2017,1.9238
29/11/2017,2.0408
30/11/2017,3.5523
1/12/2017,4.81
2/12/2017,7.1531
3/12/2017,6.6162
4/12/2017,5.6931
5/12/2017,5.7715
6/12/2017,4.66
7/12/2017,4.1538
8/12/2017,6.54
9/12/2017,8.9477
10/12/2017,9.9115
11/12/2017,9.2562
12/12/2017,6.8646
13/12/2017,5.8377
14/12/2017,6.6592
15/12/2017,6.7146
16/12/2017,4.0469
17/12/2017,6.4685
18/12/2017,7.58
19/12/2017,9.5569
20/12/2017,9.5623
21/12/2017,5.79
22/12/2017,6.1346
23/12/2017,4.7738
24/12/2017,6.1015
25/12/2017,8.2615
26/12/2017,7.8262
27/12/2017,9.1338
28/12/2017,10.2808
29/12/2017,7.3238
30/12/2017,3.8538
31/12/2017,7.4377
1/01/2018,3.5408
2/01/2018,3.8269
3/01/2018,3.85
4/01/2018,5.2946
5/01/2018,10.3446
6/01/2018,10.5069
7/01/2018,5.4085
8/01/2018,4.8738
9/01/2018,6.9354
10/01/2018,6.5562
11/01/2018,4.2562
12/01/2018,4.9831
13/01/2018,5
14/01/2018,4.32
15/01/2018,5.1954
16/01/2018,5.8023
17/01/2018,7.11
18/01/2018,7.1338
19/01/2018,4.3246
20/01/2018,8.0254
21/01/2018,4.8331
22/01/2018,4.8569
23/01/2018,6.2208
24/01/2018,6.4162
25/01/2018,5.6146
26/01/2018,4.8269
27/01/2018,4.0146
28/01/2018,4.4308
29/01/2018,3.4708
30/01/2018,6.8715
31/01/2018,8.0192
1/02/2018,12.8792
2/02/2018,8.1154
3/02/2018,7.65
4/02/2018,6.0277
5/02/2018,10.4385
6/02/2018,8.9531
7/02/2018,5.9669
8/02/2018,5.8738
9/02/2018,4.8277
10/02/2018,4.0762
11/02/2018,6.69
12/02/2018,8.0338
13/02/2018,7.1638
14/02/2018,5.2169
15/02/2018,7.5408
16/02/2018,7.8123
17/02/2018,8.9831
18/02/2018,8.1931
19/02/2018,7.7738
20/02/2018,9.7446
21/02/2018,10.0369
22/02/2018,6.4108
23/02/2018,4.0823
24/02/2018,5.7292
25/02/2018,11.2746
26/02/2018,8.8277
27/02/2018,5.9631
28/02/2018,5.37
1/03/2018,4.77
2/03/2018,4.9369
3/03/2018,5.21
4/03/2018,4.7408
5/03/2018,4.1369
6/03/2018,5.1938
7/03/2018,9.7638
8/03/2018,10.0254
9/03/2018,10.6862
10/03/2018,5.7746
11/03/2018,4.8123
12/03/2018,6.5515
13/03/2018,10.3708
14/03/2018,7.4446
15/03/2018,9.2723
16/03/2018,10.39
17/03/2018,7.1885
18/03/2018,5.9015
19/03/2018,6.8523
20/03/2018,5.8169
21/03/2018,6.7754
22/03/2018,5.4485
23/03/2018,5.6592
24/03/2018,5.6292
25/03/2018,5.9162
26/03/2018,7.8154
27/03/2018,9.3323
28/03/2018,7.3746
29/03/2018,5.2223
30/03/2018,3.6831
31/03/2018,10.1185
1/04/2018,5.0869
2/04/2018,8.98
3/04/2018,10.4085
4/04/2018,10.5877
5/04/2018,5.8354
6/04/2018,8.6769
7/04/2018,8.6738
8/04/2018,6.7038
9/04/2018,7.4008
10/04/2018,12.2146
11/04/2018,12.04
12/04/2018,9.56
13/04/2018,6.5638
14/04/2018,5.6346
15/04/2018,6.35
16/04/2018,11.1592
17/04/2018,11.3077
18/04/2018,9.54
19/04/2018,9.72
20/04/2018,12.7146
21/04/2018,12.83
22/04/2018,6.3415
23/04/2018,5.68
24/04/2018,8.0931
25/04/2018,5.2792
26/04/2018,4.5654
27/04/2018,5.8769
28/04/2018,7.33
29/04/2018,7.51
30/04/2018,5.5369
1/05/2018,5.4969
2/05/2018,7.1769
3/05/2018,3.0877
4/05/2018,2.8554
5/05/2018,7.7431
6/05/2018,10.5608
7/05/2018,9.4254
8/05/2018,10.7023
9/05/2018,7.7462
10/05/2018,6.5746
11/05/2018,8.0877
12/05/2018,7.2269
13/05/2018,6.25
14/05/2018,4.9662
15/05/2018,4.9123
16/05/2018,8.2115
17/05/2018,8.4515
18/05/2018,10.0323
19/05/2018,10.8592
20/05/2018,11.8638
21/05/2018,11.4669
22/05/2018,11.7877
23/05/2018,8.4169
24/05/2018,10.9431
25/05/2018,7.8215
26/05/2018,8.2562
27/05/2018,8.8769
28/05/2018,10.7338
29/05/2018,7.3585
30/05/2018,4.6377
31/05/2018,3.5146
1/06/2018,3.9285
2/06/2018,5.4838
3/06/2018,6.74
4/06/2018,6.9885
5/06/2018,7.2138
6/06/2018,9.45
7/06/2018,9.2962
8/06/2018,6.4708
9/06/2018,7.7585
10/06/2018,5.2477
11/06/2018,8.5877
12/06/2018,12.53
13/06/2018,6.2915
14/06/2018,5.3585
15/06/2018,6.5215
16/06/2018,7.5546
17/06/2018,7.3154
18/06/2018,6.4531
19/06/2018,7.3577
20/06/2018,8.1915
21/06/2018,6.6323
22/06/2018,2.5808
23/06/2018,5.9031
24/06/2018,11.1185
25/06/2018,9.9369
26/06/2018,9.7946
27/06/2018,5.1815
28/06/2018,3.1115
29/06/2018,3.7946
30/06/2018,4.5946
1/07/2018,9.3792
2/07/2018,9.3154
3/07/2018,6.3738
4/07/2018,4.3423
5/07/2018,4.4062
6/07/2018,7.7454
7/07/2018,11.9792
8/07/2018,13.1008
9/07/2018,12.29
10/07/2018,7.3554
11/07/2018,8.2808
12/07/2018,5.8192
13/07/2018,6.6677
14/07/2018,6.4008
15/07/2018,9.5623
16/07/2018,7.8385
17/07/2018,8.0292
18/07/2018,4.9531
19/07/2018,6.4638
20/07/2018,7.3438
21/07/2018,10.6423
22/07/2018,10.7485
23/07/2018,8.0308
24/07/2018,3.7685
25/07/2018,4.1277
26/07/2018,9.2446
27/07/2018,9.7769
28/07/2018,11.42
29/07/2018,10.3285
30/07/2018,4.9
31/07/2018,7.7931
1/08/2018,7.5408
2/08/2018,7.3777
3/08/2018,4.3738
4/08/2018,4.6385
5/08/2018,6.1154
6/08/2018,5.2038
7/08/2018,5.2777
8/08/2018,7.7846
9/08/2018,7.0608
10/08/2018,6.0162
11/08/2018,3.6569
12/08/2018,4.2262
13/08/2018,5.7223
14/08/2018,5.48
15/08/2018,7.9215
16/08/2018,9.8015
17/08/2018,8.2969
18/08/2018,5.7492
19/08/2018,4.9408
20/08/2018,7.3792
21/08/2018,9.3731
22/08/2018,9.0392
23/08/2018,5.3269
24/08/2018,7.7408
25/08/2018,6.9469
26/08/2018,6.0585
27/08/2018,7.6385
28/08/2018,5.6838
29/08/2018,6.5969
30/08/2018,4.43
31/08/2018,6.4354
1/09/2018,6.9423
2/09/2018,9.0923
3/09/2018,8.8062
4/09/2018,11
5/09/2018,11.0808
6/09/2018,10.7023
7/09/2018,10.5792
8/09/2018,7.1223
9/09/2018,6.0846
10/09/2018,4.2477
11/09/2018,5.7108
12/09/2018,6.19
13/09/2018,10.66
14/09/2018,7.8369
15/09/2018,6.1323
16/09/2018,8.7031
17/09/2018,8.8546
18/09/2018,6.1569
19/09/2018,5.7138
20/09/2018,5.4415
21/09/2018,6.3415
22/09/2018,6.5431
23/09/2018,5.6931
24/09/2018,7.8546
25/09/2018,9.8185
26/09/2018,9.0954
27/09/2018,4.2254
28/09/2018,4.5831
29/09/2018,8.1962
30/09/2018,7.7538
1/10/2018,8.4715
2/10/2018,8.1454
3/10/2018,5.5269
4/10/2018,8.23
5/10/2018,5.5338
6/10/2018,5.2523
7/10/2018,6.3738
8/10/2018,4.6946
9/10/2018,6.2723
10/10/2018,9.7792
11/10/2018,6.8715
12/10/2018,10.5092
13/10/2018,8.99
14/10/2018,7.0385
15/10/2018,4.5692
16/10/2018,6.8262
17/10/2018,7.6146
18/10/2018,6.1738
19/10/2018,7.0238
20/10/2018,8.8208
21/10/2018,5.2923
22/10/2018,2.5677
23/10/2018,4.9362
24/10/2018,8.1177
25/10/2018,8.4462
26/10/2018,4.6262
27/10/2018,6.5338
28/10/2018,5.9331
29/10/2018,3.8877
30/10/2018,7.8492
31/10/2018,6.9754
1/11/2018,11.35
2/11/2018,6.9354
3/11/2018,12.4823
4/11/2018,13.2254
5/11/2018,8.7069
6/11/2018,7.5346
7/11/2018,9.5777
8/11/2018,11.5131
9/11/2018,9.3454
10/11/2018,5.0231
11/11/2018,4.0254
12/11/2018,3.6108
13/11/2018,3.8423
14/11/2018,4.2346
15/11/2018,6.8108
16/11/2018,7.4646
17/11/2018,6.4938
18/11/2018,9.7638
19/11/2018,6.3423
20/11/2018,4.9115
21/11/2018,3.8785
22/11/2018,4.6415
23/11/2018,4.6992
24/11/2018,5.4769
25/11/2018,8.6538
26/11/2018,7.7485
27/11/2018,7.5792
28/11/2018,7.5623
29/11/2018,6.4192
30/11/2018,6.0654
1/12/2018,8.25
2/12/2018,6.6777
3/12/2018,4.5915
4/12/2018,9.7308
5/12/2018,13.27
6/12/2018,8.0292
7/12/2018,6.6731
8/12/2018,5.9669
9/12/2018,6.5169
10/12/2018,6.3931
11/12/2018,3.4415
12/12/2018,3.3623
13/12/2018,4.2008
14/12/2018,2.7638
15/12/2018,3.6785
16/12/2018,3.2908
17/12/2018,6.7654
18/12/2018,9.7115
19/12/2018,7.1777
20/12/2018,6.1246
21/12/2018,4.66
22/12/2018,5.4738
23/12/2018,6.0423
24/12/2018,8.05
25/12/2018,7.5177
26/12/2018,6.4738
27/12/2018,3.5869
28/12/2018,4.1931
29/12/2018,7.9723
30/12/2018,9.2931
31/12/2018,6.1223
1/01/2019,4.6169
2/01/2019,9.4754
3/01/2019,10.7923
4/01/2019,6.6623
5/01/2019,8.3185
6/01/2019,10.2554
7/01/2019,7.6838
8/01/2019,5.4346
9/01/2019,6.5123
10/01/2019,10.2469
11/01/2019,8.1915
12/01/2019,5.8877
13/01/2019,8.4723
14/01/2019,7.8169
15/01/2019,9.6992
16/01/2019,7.3415
17/01/2019,4.1415
18/01/2019,4.2
19/01/2019,9.7992
20/01/2019,12.2577
21/01/2019,12.9377
22/01/2019,8.9138
23/01/2019,12.6415
24/01/2019,7.5223
25/01/2019,4.3992
26/01/2019,9.6192
27/01/2019,9.0323
28/01/2019,8.1185
29/01/2019,4.7254
30/01/2019,6.4969
31/01/2019,6.0031
1/02/2019,10.0377
2/02/2019,7.55
3/02/2019,4.4015
4/02/2019,8.2292
5/02/2019,10.1385
6/02/2019,8.5069
7/02/2019,6.9938
8/02/2019,4.9954
9/02/2019,6.4908
10/02/2019,5.7485
11/02/2019,4.3362
12/02/2019,7.1646
13/02/2019,5.2638
14/02/2019,7.3615
15/02/2019,6.5362
16/02/2019,8.0677
17/02/2019,5.5154
18/02/2019,7.4354
19/02/2019,7.6538
20/02/2019,7.1077
21/02/2019,6.1946
22/02/2019,9.6377
23/02/2019,5.0485
24/02/2019,9.4392
25/02/2019,9.6262
26/02/2019,5.3631
27/02/2019,10.7377
28/02/2019,8.2108
1/03/2019,4.6154
2/03/2019,5.3392
3/03/2019,3.5738
4/03/2019,7.9092
5/03/2019,7.3454
6/03/2019,6.8023
7/03/2019,9.4454
8/03/2019,5.5208
9/03/2019,4.6908
10/03/2019,6.63
11/03/2019,3.86
12/03/2019,6.3323
13/03/2019,8.7862
14/03/2019,4.7362
15/03/2019,5.18
16/03/2019,5.3462
17/03/2019,5.0977
18/03/2019,3.1308
19/03/2019,3.6131
20/03/2019,4.1031
21/03/2019,4.45
22/03/2019,3.1108
23/03/2019,2.9023
24/03/2019,5.2469
25/03/2019,8.0985
26/03/2019,10.5408
27/03/2019,11.2569
28/03/2019,6.8585
29/03/2019,5.84
30/03/2019,4.8215
31/03/2019,5.8585
1/04/2019,10.6923
2/04/2019,7.5577
3/04/2019,5.9908
4/04/2019,3.7923
5/04/2019,7.1554
6/04/2019,8.3531
7/04/2019,5.3677
8/04/2019,6.6885
9/04/2019,5.2615
10/04/2019,8.3392
11/04/2019,7.5031
12/04/2019,10.1723
13/04/2019,7.1062
14/04/2019,6.1492
15/04/2019,6.4977
16/04/2019,6.38
17/04/2019,4.6769
18/04/2019,3.4377
19/04/2019,5.1046
20/04/2019,7.5508
21/04/2019,6.1023
22/04/2019,4.6854
23/04/2019,4.1462
24/04/2019,3.8577
25/04/2019,5.1446
26/04/2019,7.2977
27/04/2019,9.7669
28/04/2019,8.0585
29/04/2019,11.4362
30/04/2019,9.7462
1/05/2019,5.6315
2/05/2019,4.5915
3/05/2019,2.7146
4/05/2019,6.9631
5/05/2019,4.97
6/05/2019,3.4646
7/05/2019,3.3985
8/05/2019,5.2054
9/05/2019,7.1508
10/05/2019,7.6223
11/05/2019,6.7323
12/05/2019,9.5546
13/05/2019,9.24
14/05/2019,9.2654
15/05/2019,13.5469
16/05/2019,12.1762
17/05/2019,6.0454
18/05/2019,9.7777
19/05/2019,9.1531
20/05/2019,6.2485
21/05/2019,5.5685
22/05/2019,8.2938
23/05/2019,4.2077
24/05/2019,7.0108
25/05/2019,8.8162
26/05/2019,7.9169
27/05/2019,7.5862
28/05/2019,9.2815
29/05/2019,12.2077
30/05/2019,12.5815
31/05/2019,10.1915
1/06/2019,12.4062
2/06/2019,10.7723
3/06/2019,6.9762
4/06/2019,8.7323
5/06/2019,7.9838
6/06/2019,9.6592
7/06/2019,9.5692
8/06/2019,10.6031
9/06/2019,7.7285
10/06/2019,6.5385
11/06/2019,6.6146
12/06/2019,5.1685
13/06/2019,7.0092
14/06/2019,5.4523
15/06/2019,4.8454
16/06/2019,8.8569
17/06/2019,9.0908
18/06/2019,6.7038
19/06/2019,3.2954
20/06/2019,6.2738
21/06/2019,8.64
22/06/2019,4.4569
23/06/2019,6.3985
24/06/2019,6.4923
25/06/2019,4.5023
26/06/2019,3.4331
27/06/2019,2.8423
28/06/2019,4.2323
29/06/2019,8.2423
30/06/2019,3.9915
1/07/2019,6.9354
2/07/2019,6.45
3/07/2019,9.9708
4/07/2019,8.5138
5/07/2019,10.8162
6/07/2019,9.5885
7/07/2019,8.5431
8/07/2019,6.6723
9/07/2019,7.9215
10/07/2019,7.2069
11/07/2019,7.7523
12/07/2019,8.2231
13/07/2019,9.5477
14/07/2019,12.1931
15/07/2019,9.1362
16/07/2019,9.6915
17/07/2019,10.3838
18/07/2019,7.4969
19/07/2019,6.5531
20/07/2019,6.5069
21/07/2019,5.2038
22/07/2019,2.8708
23/07/2019,3.8646
24/07/2019,4.1738
25/07/2019,3.9354
26/07/2019,4.0846
27/07/2019,5.2869
28/07/2019,5.2554
29/07/2019,4.3838
30/07/2019,7.5492
31/07/2019,9.1323
1/08/2019,8.4408
2/08/2019,12.4908
3/08/2019,9.4346
4/08/2019,10.6623
5/08/2019,9.9838
6/08/2019,9.0715
7/08/2019,9.0538
8/08/2019,8.54
9/08/2019,5.7146
10/08/2019,7.72
11/08/2019,8.5715
12/08/2019,7.4592
13/08/2019,10.5369
14/08/2019,7.1885
15/08/2019,4.9923
16/08/2019,9.5538
17/08/2019,9.6262
18/08/2019,7.7838
19/08/2019,5.7654
20/08/2019,9.0677
21/08/2019,7.5108
22/08/2019,9.5908
23/08/2019,5.7392
24/08/2019,8.8108
25/08/2019,9.7162
26/08/2019,11.5838
27/08/2019,6.0238
28/08/2019,7.5123
29/08/2019,10.2508
30/08/2019,6.6346
31/08/2019,4.9023
1/09/2019,7.7238
2/09/2019,5.1215
3/09/2019,5.4008
4/09/2019,8.8923
5/09/2019,5.2454
6/09/2019,8.2508
7/09/2019,7.0992
8/09/2019,5.9008
9/09/2019,8.5677
10/09/2019,7.5215
11/09/2019,6.8746
12/09/2019,9.3246
13/09/2019,10.44
14/09/2019,5.9292
15/09/2019,9.0915
16/09/2019,11.1115
17/09/2019,11.3777
18/09/2019,4.8892
19/09/2019,5.0692
20/09/2019,5.31
21/09/2019,2.8254
22/09/2019,6.5223
23/09/2019,11.3877
24/09/2019,8.9208
25/09/2019,12.2415
26/09/2019,12
27/09/2019,8.6508
28/09/2019,11.3477
29/09/2019,9.8815
30/09/2019,10.9746
1/10/2019,7.0808
2/10/2019,10.9162
3/10/2019,6.0869
4/10/2019,6.9838
5/10/2019,10.5031
6/10/2019,5.6585
7/10/2019,7.8092
8/10/2019,9.24
9/10/2019,7.7631
10/10/2019,8.3938
11/10/2019,7.1731
12/10/2019,4.1469
13/10/2019,4.4269
14/10/2019,6.5377
15/10/2019,10.7608
16/10/2019,7.7723
17/10/2019,7.9969
18/10/2019,9.3069
19/10/2019,9.7554
20/10/2019,8.1462
21/10/2019,10.8477
22/10/2019,10.5138
23/10/2019,10.8769
24/10/2019,11.1554
25/10/2019,7.1885
26/10/2019,8.0485
27/10/2019,10.0192
28/10/2019,8.4938
29/10/2019,8.0192
30/10/2019,8.39
31/10/2019,8.11
1/11/2019,6.0715
2/11/2019,6.0015
3/11/2019,7.5054
4/11/2019,8.8585
5/11/2019,9.1477
6/11/2019,6.4408
7/11/2019,7.1192
8/11/2019,9.9769
9/11/2019,8.7938
10/11/2019,7.8131
11/11/2019,6.5469
12/11/2019,4.5477
13/11/2019,9.9454
14/11/2019,12.0062
15/11/2019,10.5054
16/11/2019,11.2292
17/11/2019,9.5731
18/11/2019,9.6823
19/11/2019,9.6338
20/11/2019,8.6415
21/11/2019,5.6638
22/11/2019,9.4269
23/11/2019,5.4685
24/11/2019,8.0646
25/11/2019,6.0146
26/11/2019,7.2477
27/11/2019,9.0738
28/11/2019,7.3562
29/11/2019,5.1954
30/11/2019,4.2608
1/12/2019,9.9792
2/12/2019,9.5677
3/12/2019,13.5831
4/12/2019,11.2108
5/12/2019,10.1608
6/12/2019,9.4623
7/12/2019,10.9392
8/12/2019,10.0685
9/12/2019,6.6669
10/12/2019,4.9438
11/12/2019,4.5962
12/12/2019,4.9585
13/12/2019,7.6023
14/12/2019,8.73
15/12/2019,8.6162
16/12/2019,6.8638
17/12/2019,7.4377
18/12/2019,8.8223
19/12/2019,10.8585
20/12/2019,12.0331
21/12/2019,5.9854
22/12/2019,5.5408
23/12/2019,7.5677
24/12/2019,7.0731
25/12/2019,4.9892
26/12/2019,4.41
27/12/2019,9.9138
28/12/2019,7.6169
29/12/2019,8
30/12/2019,6.96
31/12/2019,3.9415
1/01/2020,7.6254
2/01/2020,8.5892
3/01/2020,8.8577
4/01/2020,6.9538
5/01/2020,10.9538
6/01/2020,13.3292
7/01/2020,8.02
8/01/2020,3.9669
9/01/2020,6.1862
10/01/2020,5.8469
11/01/2020,8.8846
12/01/2020,9.6046
13/01/2020,6.8285
14/01/2020,6.8885
15/01/2020,5.9854
16/01/2020,6.2131
17/01/2020,5.4092
18/01/2020,5.2815
19/01/2020,5.4792
20/01/2020,4.5931
21/01/2020,3.0746
22/01/2020,6.3415
23/01/2020,6.89
24/01/2020,5.3815
25/01/2020,6.5515
26/01/2020,5.5346
27/01/2020,8.27
28/01/2020,6.2062
29/01/2020,9.3885
30/01/2020,10.2238
31/01/2020,13.0431
1/02/2020,9.3077
2/02/2020,11.2277
3/02/2020,9.7177
4/02/2020,11.0692
5/02/2020,7.7631
6/02/2020,6.6869
7/02/2020,5.22
8/02/2020,9.3562
9/02/2020,4.8308
10/02/2020,5.1669
11/02/2020,5.4031
12/02/2020,4.3885
13/02/2020,6.8854
14/02/2020,4.5292
15/02/2020,4.2846
16/02/2020,8.2446
17/02/2020,7.5885
18/02/2020,5.2138
19/02/2020,6.0031
20/02/2020,4.2031
21/02/2020,8.8477
22/02/2020,7.8092
23/02/2020,8.1569
24/02/2020,5.1469
25/02/2020,4.4608
26/02/2020,3.9685
27/02/2020,6.5285
28/02/2020,7.7277
29/02/2020,7.5777
1/03/2020,4.1423
2/03/2020,5.0892
3/03/2020,8.7146
4/03/2020,9.25
5/03/2020,7.1138
6/03/2020,6.3262
7/03/2020,5.0638
8/03/2020,5.6608
9/03/2020,7.3377
10/03/2020,6.8677
11/03/2020,6.6454
12/03/2020,5.5962
13/03/2020,4.1346
14/03/2020,3.4738
15/03/2020,4.1331
16/03/2020,7.4792
17/03/2020,11.5877
18/03/2020,5.2923
19/03/2020,9.8885
20/03/2020,7.2269
21/03/2020,5.9715
22/03/2020,9.5915
23/03/2020,9.1208
24/03/2020,8.2223
25/03/2020,5.6069
26/03/2020,7.7623
27/03/2020,5.2985
28/03/2020,9.7392
29/03/2020,7.1746
30/03/2020,6.2769
31/03/2020,4.5238
1/04/2020,2.5762
2/04/2020,4.4177
3/04/2020,4.4992
4/04/2020,5.2269
5/04/2020,5.4538
6/04/2020,4.8992
7/04/2020,7.0731
8/04/2020,5.1669
9/04/2020,7.7469
10/04/2020,5.1446
11/04/2020,5.4985
12/04/2020,9.66
13/04/2020,14.1285
14/04/2020,10.0492
15/04/2020,6.9631
16/04/2020,9.0423
17/04/2020,9.3538
18/04/2020,10.0515
19/04/2020,10.9269
20/04/2020,7.6015
21/04/2020,4.0215
22/04/2020,4.9023
23/04/2020,6.7254
24/04/2020,5.8331
25/04/2020,8.9977
26/04/2020,5.9523
27/04/2020,10.3869
28/04/2020,6.3515
29/04/2020,5.3692
30/04/2020,9.3346
1/05/2020,8.5369
2/05/2020,10.1308
3/05/2020,11.8962
4/05/2020,8.9931
5/05/2020,8.7546
6/05/2020,6.8546
7/05/2020,9.0623
8/05/2020,6.4485
9/05/2020,4.0077
10/05/2020,4.9377
11/05/2020,5.2754
12/05/2020,5.1038
13/05/2020,5.1915
14/05/2020,5.2769
15/05/2020,4.0162
16/05/2020,5.4762
17/05/2020,4.5754
18/05/2020,3.9515
19/05/2020,6.0385
20/05/2020,3.99
21/05/2020,7.7408
22/05/2020,7.31
23/05/2020,4.7254
24/05/2020,5.4985
25/05/2020,6.4985
26/05/2020,5.8392
27/05/2020,4.9308
28/05/2020,2.9608
29/05/2020,4.1646
30/05/2020,5.5069
31/05/2020,6.4662
1/06/2020,7.8954
2/06/2020,6.1631
3/06/2020,7.3169
4/06/2020,7.5385
5/06/2020,6.1231
6/06/2020,7.6977
7/06/2020,6.8692
8/06/2020,8.0038
9/06/2020,6.4592
10/06/2020,6.04
11/06/2020,10.3523
12/06/2020,9.0177
13/06/2020,4.8385
14/06/2020,3.5792
15/06/2020,7.9923
16/06/2020,8.6238
17/06/2020,9.0477
18/06/2020,8.0485
19/06/2020,8.1508
20/06/2020,5.5862
21/06/2020,7.8108
22/06/2020,5.2654
23/06/2020,4.4008
24/06/2020,5.9354
25/06/2020,10.6346
26/06/2020,9.2123
27/06/2020,7.7562
28/06/2020,8.1
29/06/2020,6.6354
30/06/2020,8.4369
1/07/2020,8.5423
2/07/2020,10.0546
3/07/2020,5.0115
4/07/2020,6.6762
5/07/2020,7.9569
6/07/2020,8.5323
7/07/2020,9.5331
8/07/2020,8.5938
9/07/2020,8.3277
10/07/2020,5.3492
11/07/2020,7.2015
12/07/2020,10.6431
13/07/2020,6.8869
14/07/2020,3.8208
15/07/2020,7.0715
16/07/2020,9.2762
17/07/2020,7.9331
18/07/2020,6.5023
19/07/2020,5.9108
20/07/2020,6.4523
21/07/2020,8.2131
22/07/2020,8.8615
23/07/2020,12.3077
24/07/2020,7.3077
25/07/2020,5.9854
26/07/2020,4.3662
27/07/2020,3.5623
28/07/2020,5.2277
29/07/2020,4.0277
30/07/2020,5.0762
31/07/2020,6.0823
1/08/2020,6.41
2/08/2020,6.0662
3/08/2020,4.6377
4/08/2020,6.47
5/08/2020,4.4423
6/08/2020,5.4
7/08/2020,6.88
8/08/2020,8.3362
9/08/2020,7.8662
10/08/2020,8.2777
11/08/2020,6.4708
12/08/2020,7.0415
13/08/2020,4.0477
14/08/2020,5.6862
15/08/2020,2.44
16/08/2020,3.9877
17/08/2020,2.8031
18/08/2020,5.8408
19/08/2020,7.0123
20/08/2020,8.6162
21/08/2020,10.8577
22/08/2020,6.4323
23/08/2020,6.0985
24/08/2020,9.0377
25/08/2020,7.14
26/08/2020,6.7938
27/08/2020,7.29
28/08/2020,7.7831
29/08/2020,10.9254
30/08/2020,10.9715
31/08/2020,10.91
1/09/2020,8.7231
2/09/2020,7.11
3/09/2020,6.2654
4/09/2020,7.5192
5/09/2020,9.8492
6/09/2020,10.3392
7/09/2020,8.3946
8/09/2020,5.6554
9/09/2020,10.5223
10/09/2020,8.1377
11/09/2020,8.65
12/09/2020,6.0015
13/09/2020,8.8669
14/09/2020,11.7408
15/09/2020,14.4208
16/09/2020,11.9923
17/09/2020,13.2408
18/09/2020,10.4069
19/09/2020,5.9477
20/09/2020,3.48
21/09/2020,7.7292
22/09/2020,11.0046
23/09/2020,12.0769
24/09/2020,8.6654
25/09/2020,9.7015
26/09/2020,8.8562
27/09/2020,14.8846
28/09/2020,14.8508
29/09/2020,12.4015
30/09/2020,5.0631
1/10/2020,4.2092
2/10/2020,8.5108
3/10/2020,10.9523
4/10/2020,9.4708
5/10/2020,10.1262
6/10/2020,10.7523
7/10/2020,6.8931
8/10/2020,7.1646
9/10/2020,5.9354
10/10/2020,5.2062
11/10/2020,9.6315
12/10/2020,8.35
13/10/2020,6.7562
14/10/2020,7.6631
15/10/2020,8.6831
16/10/2020,5.77
17/10/2020,3.6138
18/10/2020,5.7262
19/10/2020,10.3069
20/10/2020,7.2792
21/10/2020,5.1315
22/10/2020,5.0415
23/10/2020,5.6031
24/10/2020,7.2408
25/10/2020,9.4254
26/10/2020,7.4169
27/10/2020,6.3254
28/10/2020,5.3877
29/10/2020,2.81
30/10/2020,6.7377
31/10/2020,11.1015
1/11/2020,10.1346
2/11/2020,5.5662
3/11/2020,6.4446
4/11/2020,7.4654
5/11/2020,7.1646
6/11/2020,4.6377
7/11/2020,6.7569
8/11/2020,9.3738
9/11/2020,10.6338
10/11/2020,8.9862
11/11/2020,5.9169
12/11/2020,5.0492
13/11/2020,7.85
14/11/2020,10.82
15/11/2020,7.6254
16/11/2020,7.5869
17/11/2020,9.3138
18/11/2020,8.9777
19/11/2020,8.26
20/11/2020,5.4092
21/11/2020,11.5792
22/11/2020,8.6415
23/11/2020,3.7754
24/11/2020,3.8077
25/11/2020,8.0777
26/11/2020,4.5954
27/11/2020,10
28/11/2020,7.6508
29/11/2020,7.8115
30/11/2020,7.3262
1/12/2020,10.9723
2/12/2020,8.8346
3/12/2020,10.4792
4/12/2020,9.7846
5/12/2020,9.6438
6/12/2020,7.3323
7/12/2020,12.3892
8/12/2020,11.8946
9/12/2020,7.59
10/12/2020,7.5369
11/12/2020,11.8392
12/12/2020,10.1308
13/12/2020,6.5723
14/12/2020,5.0862
15/12/2020,5.2677
16/12/2020,8.3069
17/12/2020,5.4738
18/12/2020,7.1077
19/12/2020,9.2654
20/12/2020,5.4362
21/12/2020,3.9877
22/12/2020,6.8992
23/12/2020,6.8831
24/12/2020,9.8869
25/12/2020,5.3685
26/12/2020,7.4785
27/12/2020,8.9846
28/12/2020,7.4985
29/12/2020,5.8038
30/12/2020,4.4323
31/12/2020,4.4546
1/01/2021,5.0954
2/01/2021,5.6269
3/01/2021,6.1138
4/01/2021,5.3377
5/01/2021,4.8692
6/01/2021,5.4
7/01/2021,7.5923
8/01/2021,5.7285
9/01/2021,4.0662
10/01/2021,7.5338
11/01/2021,6.0115
12/01/2021,4.1046
13/01/2021,3.8754
14/01/2021,4.0177
15/01/2021,3.7615
16/01/2021,4.64
17/01/2021,10.3846
18/01/2021,11.8223
19/01/2021,13.8677
20/01/2021,13.3
21/01/2021,12.0062
22/01/2021,7.0992
23/01/2021,10.5208
24/01/2021,11.1292
25/01/2021,9.0992
26/01/2021,7.8623
27/01/2021,8.6823
28/01/2021,10.1708
29/01/2021,7.7485
30/01/2021,6.5638
31/01/2021,3.7
1/02/2021,4.1415
2/02/2021,4.5077
3/02/2021,3.8177
4/02/2021,8.5154
5/02/2021,6.9923
6/02/2021,5.4723
7/02/2021,3.8908
8/02/2021,6.1515
9/02/2021,8.3185
10/02/2021,9.4762
11/02/2021,8.97
12/02/2021,5.7669
13/02/2021,3.8308
14/02/2021,4.5954
15/02/2021,5.3446
16/02/2021,12.0392
17/02/2021,7.9823
18/02/2021,3.7346
19/02/2021,4.6892
20/02/2021,5.9862
21/02/2021,6.37
22/02/2021,5.4846
23/02/2021,6.5954
24/02/2021,7.9438
25/02/2021,4.0238
26/02/2021,3.5585
27/02/2021,3.6892
28/02/2021,3.7777
1/03/2021,4.6115
2/03/2021,5.4946
3/03/2021,8.0785
4/03/2021,6.7169
5/03/2021,7.7715
6/03/2021,7.8862
7/03/2021,9.2315
8/03/2021,6.4162
9/03/2021,5.5031
10/03/2021,9.1369
11/03/2021,7.5446
12/03/2021,6.0792
13/03/2021,5.5115
14/03/2021,5.9977
15/03/2021,7.3269
16/03/2021,9.42
17/03/2021,5.26
18/03/2021,6.1208
19/03/2021,4.4977
20/03/2021,5.3731
21/03/2021,5.7108
22/03/2021,4.43
23/03/2021,2.6854
24/03/2021,4.0562
25/03/2021,4.5885
26/03/2021,5.6023
27/03/2021,6.2546
28/03/2021,7.3477
29/03/2021,6.9615
30/03/2021,4.1285
31/03/2021,4.81
1/04/2021,8.0408
2/04/2021,8.2877
3/04/2021,6.0769
4/04/2021,12.11
5/04/2021,11.3085
6/04/2021,5.8646
7/04/2021,4.5292
8/04/2021,4.7008
9/04/2021,5.3062
10/04/2021,9.7254
11/04/2021,7.6908
12/04/2021,5.5046
13/04/2021,7.7431
14/04/2021,4.6438
15/04/2021,8.4738
16/04/2021,9.9031
17/04/2021,7.4831
18/04/2021,7.7623
19/04/2021,8.8569
20/04/2021,6.0738
21/04/2021,5.02
22/04/2021,4.9046
23/04/2021,7.1008
24/04/2021,6.7646
25/04/2021,8.6662
26/04/2021,8.7892
27/04/2021,7.3038
28/04/2021,3.4523
29/04/2021,5.3454
30/04/2021,6.3708
1/05/2021,6.6915
2/05/2021,3.4223
3/05/2021,3.5731
4/05/2021,8.4692
5/05/2021,7.5231
6/05/2021,6.05
7/05/2021,5.2708
8/05/2021,6.5377
9/05/2021,9.6162
10/05/2021,8.6069
11/05/2021,10.6146
12/05/2021,8.7831
13/05/2021,6.6969
14/05/2021,5.07
15/05/2021,9.4638
16/05/2021,8.01
17/05/2021,8.4608
18/05/2021,14.1785
19/05/2021,10.4177
20/05/2021,5.5923
21/05/2021,7.5638
22/05/2021,5.8862
23/05/2021,8.8592
24/05/2021,11.3446
25/05/2021,9.1308
26/05/2021,5.1692
27/05/2021,5.0285
28/05/2021,5.5592
29/05/2021,7.8838
30/05/2021,5.8469
31/05/2021,6.3892
1/06/2021,7.5785
2/06/2021,4.7408
3/06/2021,4.8269
4/06/2021,6.1385
5/06/2021,7.7708
6/06/2021,5.5531
7/06/2021,6.4338
8/06/2021,7.0131
9/06/2021,5.4462
10/06/2021,5.1785
11/06/2021,3.0423
12/06/2021,3.8438
13/06/2021,7.6615
14/06/2021,6.5931
15/06/2021,6.3315
16/06/2021,6.2969
17/06/2021,5.1546
18/06/2021,5.0331
19/06/2021,7.49
20/06/2021,8.7062
21/06/2021,10.66
22/06/2021,8.4838
23/06/2021,4.6492
24/06/2021,8.2746
25/06/2021,10.47
26/06/2021,10.5215
27/06/2021,10.5392
28/06/2021,13.5415
29/06/2021,11.2446
30/06/2021,7.7308
1/07/2021,3.5685
2/07/2021,3.0623
3/07/2021,3.4277
4/07/2021,3.4631
5/07/2021,7.6869
6/07/2021,10.0508
7/07/2021,8.7892
8/07/2021,5.88
9/07/2021,7.7738
10/07/2021,6.8462
11/07/2021,6.58
12/07/2021,5.7362
13/07/2021,6.3862
14/07/2021,6.93
15/07/2021,9.8885
16/07/2021,12.53
17/07/2021,15.8777
18/07/2021,10.7415
19/07/2021,6.6662
20/07/2021,4.4262
21/07/2021,7.8277
22/07/2021,8.5546
23/07/2021,4.3862
24/07/2021,4.3031
25/07/2021,7.6677
26/07/2021,9.36
27/07/2021,8.9615
28/07/2021,4.99
29/07/2021,5.0077
30/07/2021,5.1
31/07/2021,4.5269
1/08/2021,3.0946
2/08/2021,3.8292
3/08/2021,8.8908
4/08/2021,6.7054
5/08/2021,5.6769
6/08/2021,5.17
7/08/2021,8.6308
8/08/2021,9.1777
9/08/2021,12.6423
10/08/2021,7.5962
11/08/2021,5.6092
12/08/2021,9.6146
13/08/2021,8.3008
14/08/2021,9.7831
15/08/2021,7.0392
16/08/2021,10.8815
17/08/2021,13.2685
18/08/2021,8.0969
19/08/2021,8.6123
20/08/2021,8.3177
21/08/2021,5.1315
22/08/2021,7.1762
23/08/2021,7.7223
24/08/2021,9.0723
25/08/2021,8.1815
26/08/2021,7.7315
27/08/2021,7.1969
28/08/2021,5.8185
29/08/2021,2.9423
30/08/2021,8.5308
31/08/2021,7.3477
1/09/2021,5.7254
2/09/2021,3.7231
3/09/2021,4.9254
4/09/2021,9.5562
5/09/2021,7.9785
6/09/2021,8.7669
7/09/2021,11.58
8/09/2021,10.37
9/09/2021,12.4023
10/09/2021,14.9123
11/09/2021,7.64
12/09/2021,10.5354
13/09/2021,13.6977
14/09/2021,6.4208
15/09/2021,5.2131
16/09/2021,9.9262
17/09/2021,9.7746
18/09/2021,3.5962
19/09/2021,7.6877
20/09/2021,9.5323
21/09/2021,9.5523
22/09/2021,7.7962
23/09/2021,8.1731
24/09/2021,8.8177
25/09/2021,10.5415
26/09/2021,6.8885
27/09/2021,6.1477
28/09/2021,6.3846
29/09/2021,9.3146
30/09/2021,8.1854
1/10/2021,5.9762
2/10/2021,7.5985
3/10/2021,6.0123
4/10/2021,5.7246
5/10/2021,3.1208
6/10/2021,5.1385
7/10/2021,6.1669
8/10/2021,6.3477
9/10/2021,6.8808
10/10/2021,5.9554
11/10/2021,9.3769
12/10/2021,11.3131
13/10/2021,10.5354
14/10/2021,6.5515
15/10/2021,5.5192
16/10/2021,6.8838
17/10/2021,11.5615
18/10/2021,10.6115
19/10/2021,9.5654
20/10/2021,5.9415
21/10/2021,4.7677
22/10/2021,6.4508
23/10/2021,5.3469
24/10/2021,4.9223
25/10/2021,6.0169
26/10/2021,5.4085
27/10/2021,5.9008
28/10/2021,3.0854
29/10/2021,4.7746
30/10/2021,8.1446
31/10/2021,11.3538
1/11/2021,6.3592
2/11/2021,7.8662
3/11/2021,13.0969
4/11/2021,10.2077
5/11/2021,7.2223
6/11/2021,6.7631
7/11/2021,4.5662
8/11/2021,3.5254
9/11/2021,4.6546
10/11/2021,4.5031
11/11/2021,4.5623
12/11/2021,9.9331
13/11/2021,10.9777
14/11/2021,10.3854
15/11/2021,11.0215
16/11/2021,12.9877
17/11/2021,10.0246
18/11/2021,4.6346
19/11/2021,6.3831
20/11/2021,7.0954
21/11/2021,8.3308
22/11/2021,5.3354
23/11/2021,5.1
24/11/2021,4.6738
25/11/2021,5.7792
26/11/2021,9.7946
27/11/2021,7.2238
28/11/2021,4.6869
29/11/2021,6.1808
30/11/2021,5.92
1/12/2021,5.8862
2/12/2021,5.0292
3/12/2021,4.7469
4/12/2021,6.0215
5/12/2021,9.2085
6/12/2021,6.5162
7/12/2021,5.0446
8/12/2021,6.4638
9/12/2021,7.6769
10/12/2021,5.4015
11/12/2021,7.8692
12/12/2021,7.5431
13/12/2021,4.8685
14/12/2021,6.4962
15/12/2021,8.7092
16/12/2021,5.1
17/12/2021,9.6031
18/12/2021,8.7846
19/12/2021,9.26
20/12/2021,12.7577
21/12/2021,13.0569
22/12/2021,10.44
23/12/2021,7.5462
24/12/2021,5.0362
25/12/2021,6.2177
26/12/2021,6.7823
27/12/2021,7.4746
28/12/2021,5.9162
29/12/2021,5.5508
30/12/2021,7.0285
31/12/2021,6.0146
1/01/2022,5.0223
2/01/2022,4.2546
3/01/2022,3.7885
4/01/2022,3.7792
5/01/2022,4.1077
6/01/2022,7.66
7/01/2022,6.7054
8/01/2022,3.9269
9/01/2022,9.2585
10/01/2022,6.61
11/01/2022,7.3577
12/01/2022,7.6269
13/01/2022,7.67
14/01/2022,5.4762
15/01/2022,5.6215
16/01/2022,5.8108
17/01/2022,5.4923
18/01/2022,3.8238
19/01/2022,8.6231
20/01/2022,6.7131
21/01/2022,5.15
22/01/2022,4.7915
23/01/2022,5.1077
24/01/2022,3.6662
25/01/2022,5.2131
26/01/2022,7.1954
27/01/2022,8.8569
28/01/2022,4.2515
29/01/2022,4.9538
30/01/2022,5.6208
31/01/2022,4.7054
1/02/2022,4.2369
2/02/2022,9.0985
3/02/2022,9.7031
4/02/2022,7.6231
5/02/2022,7.44
6/02/2022,9.8292
7/02/2022,9.5177
8/02/2022,6.8715
9/02/2022,4.7262
10/02/2022,7.4892
11/02/2022,5.4869
12/02/2022,6.6023
13/02/2022,11.3977
14/02/2022,6.2038
15/02/2022,3.4269
16/02/2022,5.4277
17/02/2022,3.3392
18/02/2022,6.9215
19/02/2022,7.5823
20/02/2022,4.9592
21/02/2022,4.1562
22/02/2022,6.9362
23/02/2022,7.4262
24/02/2022,6.2885
25/02/2022,4.7585
26/02/2022,5.1946
27/02/2022,7.3238
28/02/2022,4.8638
1/03/2022,3.4731
2/03/2022,7.04
3/03/2022,4.4454
4/03/2022,2.8869
5/03/2022,3.4015
6/03/2022,7.2692
7/03/2022,6.08
8/03/2022,4.1592
9/03/2022,3.8038
10/03/2022,4.4408
11/03/2022,6.98
12/03/2022,7.5038
13/03/2022,8.41
14/03/2022,6.3023
15/03/2022,7.9446
16/03/2022,8.2608
17/03/2022,6.6138
18/03/2022,4.3246
19/03/2022,4.7377
20/03/2022,6.7908
21/03/2022,8.6308
22/03/2022,5.6515
23/03/2022,5.4069
24/03/2022,8.0354
25/03/2022,11.4108
26/03/2022,9.8769
27/03/2022,7.84
28/03/2022,7.0185
29/03/2022,4.9415
30/03/2022,4.5169
31/03/2022,3.8185
1/04/2022,5.8754
2/04/2022,4.3338
3/04/2022,3.9231
4/04/2022,4.9185
5/04/2022,7.9554
6/04/2022,11.2969
7/04/2022,7.5862
8/04/2022,6.3892
9/04/2022,5.1577
10/04/2022,5.21
11/04/2022,8.7631
12/04/2022,7.6869
13/04/2022,10.3392
14/04/2022,5.8892
15/04/2022,3.7992
16/04/2022,9.22
17/04/2022,6.9477
18/04/2022,6.4208
19/04/2022,5.0885
20/04/2022,5.4792
21/04/2022,9.0369
22/04/2022,9.3692
23/04/2022,6.4946
24/04/2022,7.92
25/04/2022,5.3908
26/04/2022,5.4123
27/04/2022,5.0277
28/04/2022,3.7338
29/04/2022,3.6885
30/04/2022,4.8169
1/05/2022,7.3577
2/05/2022,7.3423
3/05/2022,4.2992
4/05/2022,3.4992
5/05/2022,4.9177
6/05/2022,4.0338
7/05/2022,5.9523
8/05/2022,8.0315
9/05/2022,7.4785
10/05/2022,7.7954
11/05/2022,6.3531
12/05/2022,3.6623
13/05/2022,4.9762
14/05/2022,9.2585
15/05/2022,5.6638
16/05/2022,6.5477
17/05/2022,8.1731
18/05/2022,6.0985
19/05/2022,10.8931
20/05/2022,12.0192
21/05/2022,12.0869
22/05/2022,10.3108
23/05/2022,7.0338
24/05/2022,6.1115
25/05/2022,7.1762
26/05/2022,5.8369
27/05/2022,3.8115
28/05/2022,5.6131
29/05/2022,5.7223
30/05/2022,7.8992
31/05/2022,9.1762
1/06/2022,12.6815
2/06/2022,9.1623
3/06/2022,7.3831
4/06/2022,4.5438
5/06/2022,6.1146
6/06/2022,6.0246
7/06/2022,8.0292
8/06/2022,7.9669
9/06/2022,10.1977
10/06/2022,14.0346
11/06/2022,12.99
12/06/2022,11.1292
13/06/2022,14.9892
14/06/2022,13.9008
15/06/2022,12.0862
16/06/2022,10.2023
17/06/2022,4.7885
18/06/2022,5.3062
19/06/2022,7.9054
20/06/2022,9.6954
21/06/2022,7.31
22/06/2022,4.6731
23/06/2022,3.4731
24/06/2022,6.6915
25/06/2022,6.6392
26/06/2022,5.7546
27/06/2022,6.79
28/06/2022,3.5315
29/06/2022,5.4615
30/06/2022,7.1185
1/07/2022,7.6077
2/07/2022,5.7131
3/07/2022,7.6469
4/07/2022,6.0962
5/07/2022,8.2192
6/07/2022,5.5631
7/07/2022,4.3423
8/07/2022,9.6923
9/07/2022,12.4592
10/07/2022,7.0769
11/07/2022,7.9954
12/07/2022,13.5623
13/07/2022,12.6015
14/07/2022,6.6315
15/07/2022,5.1454
16/07/2022,4.7285
17/07/2022,7.8292
18/07/2022,11.4485
19/07/2022,9.9692
20/07/2022,5.3631
21/07/2022,10.6238
22/07/2022,8.0123
23/07/2022,5.1515
24/07/2022,4.1915
25/07/2022,8.6508
26/07/2022,9.3285
27/07/2022,7.9638
28/07/2022,9.1015
29/07/2022,10.2254
30/07/2022,8.0831
31/07/2022,9.57
1/08/2022,7.1454
2/08/2022,12.2738
3/08/2022,10.6546
4/08/2022,7.0362
5/08/2022,8.6846
6/08/2022,10.4777
7/08/2022,8.6154
8/08/2022,9.4346
9/08/2022,10.3669
10/08/2022,6.4977
11/08/2022,7.0854
12/08/2022,4.2354
13/08/2022,3.9662
14/08/2022,7.2046
15/08/2022,4.7454
16/08/2022,6.8492
17/08/2022,9.9223
18/08/2022,11.2323
19/08/2022,9.5569
20/08/2022,9.5585
21/08/2022,8.7631
22/08/2022,4.8808
23/08/2022,4.9492
24/08/2022,9.8123
25/08/2022,5.6754
26/08/2022,6.7623
27/08/2022,6.5192
28/08/2022,6.1123
29/08/2022,5.86
30/08/2022,4.4538
31/08/2022,6.87
1/09/2022,6.8615
2/09/2022,7.66
3/09/2022,11.2262
4/09/2022,12.0046
5/09/2022,7.4192
6/09/2022,8.2415
7/09/2022,5.2554
8/09/2022,3.2431
9/09/2022,4.3023
10/09/2022,6.1492
11/09/2022,4.7977
12/09/2022,7.1308
13/09/2022,12.1808
14/09/2022,7.7638
15/09/2022,5.9669
16/09/2022,5.6269
17/09/2022,4.7223
18/09/2022,4.9723
19/09/2022,8.5454
20/09/2022,6.5577
21/09/2022,3.4092
22/09/2022,7.0038
23/09/2022,7.9415
24/09/2022,6.0815
25/09/2022,7.33
26/09/2022,5.8715
27/09/2022,4.97
28/09/2022,6.3231
29/09/2022,8.6754
30/09/2022,8.2954
1/10/2022,8.1031
2/10/2022,7.6738
3/10/2022,6.8531
4/10/2022,6.7538
5/10/2022,10.7162
6/10/2022,9.1054
7/10/2022,6.3
8/10/2022,5.4892
9/10/2022,8.0431
10/10/2022,9.3969
11/10/2022,7.9962
12/10/2022,5.3638
13/10/2022,6.6038
14/10/2022,6.6938
15/10/2022,4.9585
16/10/2022,4.7038
17/10/2022,7.0892
18/10/2022,7.7708
19/10/2022,7.0946
20/10/2022,11.0185
21/10/2022,8.4077
22/10/2022,2.9985
23/10/2022,8.1269
24/10/2022,8.75
25/10/2022,5.9031
26/10/2022,8.1669
27/10/2022,7.3208
28/10/2022,7.6877
29/10/2022,10.6638
30/10/2022,7.8746
31/10/2022,5.0192
1/11/2022,7.9931
2/11/2022,9.9538
3/11/2022,11.0162
4/11/2022,10.5877
5/11/2022,6.7977
6/11/2022,4.4885
7/11/2022,6.0885
8/11/2022,4.63
9/11/2022,5.6331
10/11/2022,10.0169
11/11/2022,9.9638
12/11/2022,5.9554
13/11/2022,5.3469
14/11/2022,4.8254
15/11/2022,5.3377
16/11/2022,4.6462
17/11/2022,4.1031
18/11/2022,5.8
19/11/2022,7.2215
20/11/2022,5.8438
21/11/2022,9.1292
22/11/2022,8.5762
23/11/2022,11.5554
24/11/2022,12.0177
25/11/2022,9.0985
26/11/2022,8.9062
27/11/2022,5.2977
28/11/2022,7.2754
29/11/2022,8.6
30/11/2022,9.7062
1/12/2022,7.3085
2/12/2022,6.5577
3/12/2022,5.1292
4/12/2022,8.1092
5/12/2022,6.8392
6/12/2022,6.6538
7/12/2022,8.2038
8/12/2022,7.0192
9/12/2022,7.7292
10/12/2022,5.7146
11/12/2022,5.9985
12/12/2022,3.9946
13/12/2022,4.1215
14/12/2022,6.0931
15/12/2022,5.9
16/12/2022,5.4869
17/12/2022,4.5392
18/12/2022,5.1138
19/12/2022,4.7908
20/12/2022,6.0762
21/12/2022,6.5585
22/12/2022,5.1646
23/12/2022,4.9192
24/12/2022,4.5369
25/12/2022,4.2962
26/12/2022,4.3938
27/12/2022,5.4638
28/12/2022,4.6062
29/12/2022,7.2823
30/12/2022,8.3123
31/12/2022,6.8592
1/01/2023,6.4623
2/01/2023,6.1731
3/01/2023,6.8477
4/01/2023,8.0877
5/01/2023,7.27
6/01/2023,5.4208
7/01/2023,7.5162
8/01/2023,10.5408
9/01/2023,8.2462
10/01/2023,8.3923
11/01/2023,11.2008
12/01/2023,8.5562
13/01/2023,4.9115
14/01/2023,4.7815
15/01/2023,4.3362
16/01/2023,5.2662
17/01/2023,4.7123
18/01/2023,5.0362
19/01/2023,4.0631
20/01/2023,8.0046
21/01/2023,6.4177
22/01/2023,5.4331
23/01/2023,4.8231
24/01/2023,4.2115
25/01/2023,4.22
26/01/2023,4.8085
27/01/2023,6.2408
28/01/2023,8.1954
29/01/2023,5.8546
30/01/2023,4.8077
31/01/2023,5.6469
1/02/2023,7.6185
2/02/2023,6.03
3/02/2023,6.5685
4/02/2023,6.2838
5/02/2023,8.5169
6/02/2023,9.3492
7/02/2023,7.8554
8/02/2023,8.27
9/02/2023,7.2438
10/02/2023,5.2115
11/02/2023,5.4031
12/02/2023,7.9685
13/02/2023,10.8392
14/02/2023,13.5438
15/02/2023,9.5515
16/02/2023,8.5785
17/02/2023,6.4662
18/02/2023,2.5392
19/02/2023,6.3977
20/02/2023,5.3562
21/02/2023,6.9646
22/02/2023,6.3469
23/02/2023,9.0462
24/02/2023,9.6631
25/02/2023,7.7154
26/02/2023,4.4169
27/02/2023,3.0054
28/02/2023,5.2838
1/03/2023,3.5846
2/03/2023,6.5577
3/03/2023,5.9654
4/03/2023,5.9862
5/03/2023,6.2946
6/03/2023,5.8823
7/03/2023,4.12
8/03/2023,8.1092
9/03/2023,9.0069
10/03/2023,6.1977
11/03/2023,5.3246
12/03/2023,7.73
13/03/2023,10.6377
14/03/2023,4.4385
15/03/2023,2.8231
16/03/2023,7.0638
17/03/2023,12.1477
18/03/2023,6.0669
19/03/2023,4.7731
20/03/2023,9.5323
21/03/2023,10.2415
22/03/2023,8.2746
23/03/2023,5.2008
24/03/2023,3.8731
25/03/2023,9.0885
26/03/2023,7.6838
27/03/2023,8.6738
28/03/2023,9.9908
29/03/2023,11.6923
30/03/2023,10.9308
31/03/2023,6.0131
1/04/2023,8.1438
2/04/2023,7.8131
3/04/2023,6.7769
4/04/2023,3.7569
5/04/2023,8.77
6/04/2023,8.4169
7/04/2023,8.4692
8/04/2023,6.87
9/04/2023,6.4
10/04/2023,8.3869
11/04/2023,8.2992
12/04/2023,6.1754
13/04/2023,4.6062
14/04/2023,7.7992
15/04/2023,7.5877
16/04/2023,6.4754
17/04/2023,6.2185
18/04/2023,6.8792
19/04/2023,6.0208
20/04/2023,5.0492
21/04/2023,4.5538
22/04/2023,7.1123
23/04/2023,6.4431
24/04/2023,10.5292
25/04/2023,9.0238
26/04/2023,8.7431
27/04/2023,3.2069
28/04/2023,3.7523
29/04/2023,5.6346
30/04/2023,6.3662
1/05/2023,6.7485
2/05/2023,6.9692
3/05/2023,7.5046
4/05/2023,6.0815
5/05/2023,6.6162
6/05/2023,7.2654
7/05/2023,4.8223
8/05/2023,5.5662
9/05/2023,8.9208
10/05/2023,11.2731
11/05/2023,9.2931
12/05/2023,5.5015
13/05/2023,3.7485
14/05/2023,5.7123
15/05/2023,5.76
16/05/2023,4.9254
17/05/2023,5.88
18/05/2023,5.3615
19/05/2023,7.2369
20/05/2023,7.7023
21/05/2023,8.2331
22/05/2023,6.2
23/05/2023,4.7015
24/05/2023,6.9038
25/05/2023,4.9446
26/05/2023,9.5431
27/05/2023,8.0662
28/05/2023,6.2146
29/05/2023,9.0608
30/05/2023,8.3638
31/05/2023,8.3331
1/06/2023,10.1238
2/06/2023,10.9238
3/06/2023,6.4246
4/06/2023,7.1862
5/06/2023,8.6792
6/06/2023,9.2438
7/06/2023,6.4977
8/06/2023,5.3877
9/06/2023,5.4362
10/06/2023,4.4231
11/06/2023,4.0369
12/06/2023,6.5177
13/06/2023,5.4485
14/06/2023,3.9754
15/06/2023,3.8385
16/06/2023,5.4108
17/06/2023,7.2215
18/06/2023,8.4608
19/06/2023,6.3523
20/06/2023,4.9038
21/06/2023,5.5046
22/06/2023,9.6623
23/06/2023,9.1938
24/06/2023,8.9085
25/06/2023,6.7877
26/06/2023,5.7808
27/06/2023,4.0638
28/06/2023,5.4669
29/06/2023,8.6269
30/06/2023,8.2569
1/07/2023,11.5877
2/07/2023,10.6908
3/07/2023,10.6285
4/07/2023,10.5746
5/07/2023,9.2208
6/07/2023,5.2054
7/07/2023,5.3154
8/07/2023,7.6969
9/07/2023,5.07
10/07/2023,3.6477
11/07/2023,5.1408
12/07/2023,9.5338
13/07/2023,9.7008
14/07/2023,9.7631
15/07/2023,7.9477
16/07/2023,11.1
17/07/2023,7.8031
18/07/2023,8.5046
19/07/2023,9.07
20/07/2023,6.7992
21/07/2023,12.2192
22/07/2023,8.2346
23/07/2023,5.7531
24/07/2023,6.7538
25/07/2023,7.8569
26/07/2023,9.9038
27/07/2023,9.5454
28/07/2023,7.3631
29/07/2023,3.8092
30/07/2023,3.3992
31/07/2023,8.7131
1/08/2023,13.02
2/08/2023,13.0592
3/08/2023,9.2492
4/08/2023,5.4815
5/08/2023,5.7254
6/08/2023,4.7031
7/08/2023,7.0938
8/08/2023,4.9092
9/08/2023,5.3246
10/08/2023,6.3815
11/08/2023,5.1762
12/08/2023,6.2608
13/08/2023,8.1031
14/08/2023,7.4985
15/08/2023,7.3392
16/08/2023,6.4492
17/08/2023,6.1669
18/08/2023,6.3315
19/08/2023,9.0538
20/08/2023,8.9723
21/08/2023,10.3369
22/08/2023,6.7585
23/08/2023,2.6569
24/08/2023,2.8654
25/08/2023,3.1777
26/08/2023,4.3631
27/08/2023,7.6908
28/08/2023,6.7115
29/08/2023,4.66
30/08/2023,5.7931
31/08/2023,7.2338
1/09/2023,7.3077
2/09/2023,4.9154
3/09/2023,5.0131
4/09/2023,7.0885
5/09/2023,6.5292
6/09/2023,8.5838
7/09/2023,8.1915
8/09/2023,4.0431
9/09/2023,4.5515
10/09/2023,5.3269
11/09/2023,9.1723
12/09/2023,10.6115
13/09/2023,8.5923
14/09/2023,12.7377
15/09/2023,9.8362
16/09/2023,9.7062
17/09/2023,15.8069
18/09/2023,13.2738
19/09/2023,9.5592
20/09/2023,10.5554
21/09/2023,7.9492
22/09/2023,8.8085
23/09/2023,7.2238
24/09/2023,7.4292
25/09/2023,9.63
26/09/2023,10.5962
27/09/2023,9.0531
28/09/2023,6.9585
29/09/2023,11.8469
30/09/2023,10.3977
1/10/2023,10.7069
2/10/2023,14.3823
3/10/2023,8.6562
4/10/2023,7.1938
5/10/2023,4.4054
6/10/2023,8.0762
7/10/2023,6.7754
8/10/2023,6.7938
9/10/2023,7.7985
10/10/2023,8.4254
11/10/2023,7.3892
12/10/2023,7.8969
13/10/2023,9.9515
14/10/2023,12.1192
15/10/2023,13.2685
16/10/2023,9.1515
17/10/2023,9.0769
18/10/2023,5.2631
19/10/2023,6.7531
20/10/2023,5.6423
21/10/2023,5.0869
22/10/2023,5.9592
23/10/2023,3.5562
24/10/2023,8.2731
25/10/2023,11.25
26/10/2023,13.5985
27/10/2023,10.7254
28/10/2023,4.4462
29/10/2023,6.0154
30/10/2023,8.6608
31/10/2023,6.3969
1/11/2023,5.23
2/11/2023,4.7346
3/11/2023,5.7385
4/11/2023,8.2431
5/11/2023,4.5831
6/11/2023,6.6562
7/11/2023,7.1238
8/11/2023,6.3846
9/11/2023,5.29
10/11/2023,6.0408
11/11/2023,4.0238
12/11/2023,9.1092
13/11/2023,9.86
14/11/2023,11.3785
15/11/2023,8.9008
16/11/2023,8.1615
17/11/2023,10.0146
18/11/2023,5.0946
19/11/2023,4.5638
20/11/2023,7.1138
21/11/2023,6.1685
22/11/2023,5.1085
23/11/2023,8.6154
24/11/2023,10.4954
25/11/2023,10.85
26/11/2023,6.58
27/11/2023,6.2708
28/11/2023,11.4815
29/11/2023,5.9808
30/11/2023,5.3285
1/12/2023,5.1015
2/12/2023,5.8546
3/12/2023,9.2892
4/12/2023,5.8531
5/12/2023,6.9308
6/12/2023,6.3123
7/12/2023,6.97
8/12/2023,5.1015
9/12/2023,9.8262
10/12/2023,10.4154
11/12/2023,7.4569
12/12/2023,9.4185
13/12/2023,9.1262
14/12/2023,7.5631
15/12/2023,10.1769
16/12/2023,7.9554
17/12/2023,10.3877
18/12/2023,4.6546
19/12/2023,4.1846
20/12/2023,7.6154
21/12/2023,5.9254
22/12/2023,3.3723
23/12/2023,4.5808
24/12/2023,6.9838
25/12/2023,8.72
26/12/2023,5.7054
27/12/2023,6.4769
28/12/2023,4.9854
29/12/2023,10.2562
30/12/2023,10.2285
31/12/2023,11.5023
1/01/2024,6.5838
2/01/2024,6.0785
3/01/2024,3.5462
4/01/2024,8.04
5/01/2024,5.7285
6/01/2024,5.2246
7/01/2024,3.44
8/01/2024,5.2508
9/01/2024,6.3762
10/01/2024,4.9815
11/01/2024,8.6346
12/01/2024,5.7362
13/01/2024,8.2615
14/01/2024,10.0538
15/01/2024,7.5315
16/01/2024,6.7177
17/01/2024,4.8554
18/01/2024,4.0523
19/01/2024,7.5669
20/01/2024,8.6685
21/01/2024,3.5485
22/01/2024,4.4654
23/01/2024,10.1438
24/01/2024,5.7154
25/01/2024,6.33
26/01/2024,4.6708
27/01/2024,11.0654
28/01/2024,6.4323
29/01/2024,9.2346
30/01/2024,7.4031
31/01/2024,6.0885
1/02/2024,5.8077
2/02/2024,13.1069
3/02/2024,11.9515
4/02/2024,8.2908
5/02/2024,7.5277
6/02/2024,8.1423
7/02/2024,6.2015
8/02/2024,6.6485
9/02/2024,6.3354
10/02/2024,9.6338
11/02/2024,8.9369
12/02/2024,4.3346
13/02/2024,5.5738
14/02/2024,8.3
15/02/2024,8.4146
16/02/2024,6.1415
17/02/2024,6.2646
18/02/2024,7.9492
19/02/2024,13.0508
20/02/2024,7.4923
21/02/2024,4.4723
22/02/2024,4.4185
23/02/2024,6.1708
24/02/2024,10.7192
25/02/2024,6.1423
26/02/2024,5.05
27/02/2024,5.3192
28/02/2024,7.08
29/02/2024,5.8331
1/03/2024,4.4562
2/03/2024,8.9354
3/03/2024,9.2985
4/03/2024,12.7523
5/03/2024,11.9177
6/03/2024,5.1169
7/03/2024,8.9615
8/03/2024,7.4115
9/03/2024,7.6131
10/03/2024,6.8885
11/03/2024,8.6931
12/03/2024,6.2277
13/03/2024,7.44
14/03/2024,6.7069
15/03/2024,8.5162
16/03/2024,6.6654
17/03/2024,6.3685
18/03/2024,7.2292
19/03/2024,7.4808
20/03/2024,4.92
21/03/2024,4.4308
22/03/2024,3.7354
23/03/2024,3.9969
24/03/2024,4.6231
25/03/2024,11.3092
26/03/2024,11.2954
27/03/2024,10.7138
28/03/2024,11.0038
29/03/2024,6.6177
30/03/2024,8.3569
31/03/2024,5.44
1/04/2024,2.5838
2/04/2024,2.9746
3/04/2024,7.2946
4/04/2024,8.4908
5/04/2024,5.7738
6/04/2024,4.1108
7/04/2024,3.43
8/04/2024,5.2285
9/04/2024,8.03
10/04/2024,7.4323
11/04/2024,10.5015
12/04/2024,8.6592
13/04/2024,6.6346
14/04/2024,3.8915
15/04/2024,5.1877
16/04/2024,7.1969
17/04/2024,7.4762
18/04/2024,8.3654
19/04/2024,7.3031
20/04/2024,4.0877
21/04/2024,5.7515
22/04/2024,7.2746
23/04/2024,6.0154
24/04/2024,8.5692
25/04/2024,11.1085
26/04/2024,10.1431
27/04/2024,5.0862
28/04/2024,3.8615
29/04/2024,4.7077
30/04/2024,5.8031
1/05/2024,6.9338
2/05/2024,7.0708
3/05/2024,5.9492
4/05/2024,3.1615
5/05/2024,4.5146
6/05/2024,7.7831
7/05/2024,6.7492
8/05/2024,3.4523
9/05/2024,9.6769
10/05/2024,6.5062
11/05/2024,5.6477
12/05/2024,4.3562
13/05/2024,3.0369
14/05/2024,4.4277
15/05/2024,5.7669
16/05/2024,7.1885
17/05/2024,5.7169
18/05/2024,7.0169
19/05/2024,3.1385
20/05/2024,4.6962
21/05/2024,10.38
22/05/2024,9.8738
23/05/2024,4.4277
24/05/2024,4.5092
25/05/2024,8.1115
26/05/2024,8.77
27/05/2024,5.1731
28/05/2024,5.8954
29/05/2024,8.8508
30/05/2024,7.7215
31/05/2024,9.1746
1/06/2024,11.8769
2/06/2024,6.0423
3/06/2024,7.3385
4/06/2024,5.9438
5/06/2024,4.8308
6/06/2024,6.3108
7/06/2024,4.08
8/06/2024,5
9/06/2024,9.2569
10/06/2024,9.2808
11/06/2024,6.0162
12/06/2024,3.19
13/06/2024,4.7115
14/06/2024,7.6938
15/06/2024,8.8292
16/06/2024,7.9469
17/06/2024,5.1446
18/06/2024,8.6638
19/06/2024,9.1169
20/06/2024,7.2454
21/06/2024,5.3277
22/06/2024,5.1954
23/06/2024,6.1992
24/06/2024,4.01
25/06/2024,7.1015
26/06/2024,8.3746
27/06/2024,6.0938
28/06/2024,4.1385
29/06/2024,5.2215
30/06/2024,6.1877
1/07/2024,10.9538
2/07/2024,8.5123
3/07/2024,7.1515
4/07/2024,4.7769
5/07/2024,5.1008
6/07/2024,6.7562
7/07/2024,7.0585
8/07/2024,4.3385
9/07/2024,3.1092
10/07/2024,4.3631
11/07/2024,5.9515
12/07/2024,7.9292
13/07/2024,6.8808
14/07/2024,6.8238
15/07/2024,7.6446
16/07/2024,5.0354
17/07/2024,2.5431
18/07/2024,2.9754
19/07/2024,5.5254
20/07/2024,4.6531
21/07/2024,5.9038
22/07/2024,7.1085
23/07/2024,6.5185
24/07/2024,6.2954
25/07/2024,5.2123
26/07/2024,6.0854
27/07/2024,6.7438
28/07/2024,7.7562
29/07/2024,9.3954
30/07/2024,7.0946
31/07/2024,10.1123
1/08/2024,9.3046
2/08/2024,6.5338
3/08/2024,4.0892
4/08/2024,4.3054
5/08/2024,5.0115
6/08/2024,4.3185
7/08/2024,5.9008
8/08/2024,7.7208
9/08/2024,5.2354
10/08/2024,5.1438
11/08/2024,6.8546
12/08/2024,11.1031
13/08/2024,7.6231
14/08/2024,5.1015
15/08/2024,9.4554
16/08/2024,8.8462
17/08/2024,8.4654
18/08/2024,10.7654
19/08/2024,10.8831
20/08/2024,4.88
21/08/2024,4.7315
22/08/2024,7.2792
23/08/2024,10.2631
24/08/2024,9.6731
25/08/2024,8.3446
26/08/2024,7.2908
27/08/2024,9.1554
28/08/2024,8.2069
29/08/2024,12.0085
30/08/2024,10.7208
31/08/2024,10.4485
1/09/2024,12.1031
2/09/2024,9.6815
3/09/2024,10.5285
4/09/2024,7.3215
5/09/2024,4.1746
6/09/2024,7.2069
7/09/2024,13.5015
8/09/2024,9.1708
9/09/2024,10.8931
10/09/2024,10.7777
11/09/2024,7.5069
12/09/2024,8.8431
13/09/2024,8.3462
14/09/2024,5.0992
15/09/2024,4.4631
16/09/2024,7.0862
17/09/2024,9.12
18/09/2024,7.4785
19/09/2024,11.3269
20/09/2024,10.3723
21/09/2024,7.2346
22/09/2024,8.9877
23/09/2024,9.5662
24/09/2024,11.2662
25/09/2024,5.2323
26/09/2024,11.1062
27/09/2024,6.5238
28/09/2024,6.9077
29/09/2024,5.5831
30/09/2024,3.6462
1/10/2024,7.5123
2/10/2024,8.58
3/10/2024,7.0985
4/10/2024,3.3623
5/10/2024,5.3246
6/10/2024,9.0723
7/10/2024,9.8308
8/10/2024,11.55
9/10/2024,11.3962
10/10/2024,5.4654
11/10/2024,5.7385
12/10/2024,7.0854
13/10/2024,6.2031
14/10/2024,6.6231
15/10/2024,8.14
16/10/2024,5.02
17/10/2024,3.1969
18/10/2024,4.31
19/10/2024,2.9392
20/10/2024,3.5654
21/10/2024,5.0538
22/10/2024,3.8038
23/10/2024,8.82
24/10/2024,11.7646
25/10/2024,11.4069
26/10/2024,9.6731
27/10/2024,7.9208
28/10/2024,9.4723
29/10/2024,9.9754
30/10/2024,6.9985
31/10/2024,9.1469
1/11/2024,9.6677
2/11/2024,10.5462
3/11/2024,7.0746
4/11/2024,7.0015
5/11/2024,7.74
6/11/2024,2.5669
7/11/2024,6.2738
8/11/2024,9.1877
9/11/2024,10.3
10/11/2024,7.0308
11/11/2024,7.2969
12/11/2024,3.8854
13/11/2024,3.8054
14/11/2024,7.0977
15/11/2024,8.99
16/11/2024,8.7862
17/11/2024,5.5869
18/11/2024,5.1738
19/11/2024,6.4223
20/11/2024,10.5462
21/11/2024,9.7285
22/11/2024,7.8838
23/11/2024,5.1523
24/11/2024,5.9
25/11/2024,8.7062
26/11/2024,7.3123
27/11/2024,5.5954
28/11/2024,10.4985
29/11/2024,5.7508
30/11/2024,5.8592
1/12/2024,5.5431
2/12/2024,5.6769
3/12/2024,10.1585
4/12/2024,9.3792
5/12/2024,11.8108
6/12/2024,5.87
7/12/2024,5.3854
8/12/2024,11.4262
9/12/2024,11.8638
10/12/2024,8.2877
11/12/2024,7.6731
12/12/2024,5.9638
13/12/2024,8.64
14/12/2024,8.6754
15/12/2024,6.5338
16/12/2024,6.8723
17/12/2024,10.8346
18/12/2024,8.6592
19/12/2024,9.7585
20/12/2024,5.3954
21/12/2024,6.6162
22/12/2024,8.0154
23/12/2024,5.6631
24/12/2024,5.4838
25/12/2024,4.3123
26/12/2024,5.69
27/12/2024,11.9154
28/12/2024,5.5277
29/12/2024,4.8869
30/12/2024,7.3408
31/12/2024,10.4892
