DATE,Avg_WD50M
2015-01-01,221.6817
2015-01-02,314.3309
2015-01-03,162.983
2015-01-04,319.7752
2015-01-05,310.9879
2015-01-06,305.1644
2015-01-07,223.9061
2015-01-08,129.1504
2015-01-09,340.2681
2015-01-10,320.517
2015-01-11,311.962
2015-01-12,259.471
2015-01-13,307.3987
2015-01-14,327.2747
2015-01-15,31.2386
2015-01-16,323.2452
2015-01-17,321.7098
2015-01-18,310.183
2015-01-19,294.0545
2015-01-20,272.5502
2015-01-21,174.5411
2015-01-22,139.5053
2015-01-23,269.2648
2015-01-24,331.8703
2015-01-25,78.5431
2015-01-26,26.7612
2015-01-27,95.6792
2015-01-28,102.6374
2015-01-29,116.0537
2015-01-30,121.282
2015-01-31,85.071
2015-02-01,357.0752
2015-02-02,311.5383
2015-02-03,285.0502
2015-02-04,301.0313
2015-02-05,282.0511
2015-02-06,227.6444
2015-02-07,243.8622
2015-02-08,316.9472
2015-02-09,284.2327
2015-02-10,148.5611
2015-02-11,109.1749
2015-02-12,18.1282
2015-02-13,226.4632
2015-02-14,160.7347
2015-02-15,147.1777
2015-02-16,143.0124
2015-02-17,68.1544
2015-02-18,315.488
2015-02-19,313.4992
2015-02-20,61.0181
2015-02-21,326.4811
2015-02-22,349.3326
2015-02-23,98.7438
2015-02-24,14.4003
2015-02-25,278.2107
2015-02-26,141.3302
2015-02-27,302.6044
2015-02-28,313.1948
2015-03-01,319.7263
2015-03-02,322.6952
2015-03-03,317.2049
2015-03-04,333.3029
2015-03-05,344.5285
2015-03-06,334.4248
2015-03-07,335.7541
2015-03-08,265.1437
2015-03-09,317.799
2015-03-10,328.0016
2015-03-11,127.8818
2015-03-12,70.0767
2015-03-13,324.613
2015-03-14,146.3693
2015-03-15,67.1834
2015-03-16,154.1799
2015-03-17,197.8809
2015-03-18,194.9936
2015-03-19,168.122
2015-03-20,131.4376
2015-03-21,337.9668
2015-03-22,344.8787
2015-03-23,92.3142
2015-03-24,332.1739
2015-03-25,337.0461
2015-03-26,326.9416
2015-03-27,118.6015
2015-03-28,348.0084
2015-03-29,307.9333
2015-03-30,262.7306
2015-03-31,258.4783
2015-04-01,26.3089
2015-04-02,318.9543
2015-04-03,318.078
2015-04-04,298.486
2015-04-05,152.2952
2015-04-06,348.3974
2015-04-07,324.257
2015-04-08,319.2499
2015-04-09,133.8401
2015-04-10,307.8657
2015-04-11,193.499
2015-04-12,302.1096
2015-04-13,279.6294
2015-04-14,215.0652
2015-04-15,222.7188
2015-04-16,225.2503
2015-04-17,312.7994
2015-04-18,120.2642
2015-04-19,346.0658
2015-04-20,325.6303
2015-04-21,297.6703
2015-04-22,149.5157
2015-04-23,88.4546
2015-04-24,36.3123
2015-04-25,350.0044
2015-04-26,346.4043
2015-04-27,342.1902
2015-04-28,266.8437
2015-04-29,278.1532
2015-04-30,224.1504
2015-05-01,291.2669
2015-05-02,312.731
2015-05-03,315.9526
2015-05-04,337.7184
2015-05-05,333.59
2015-05-06,332.6077
2015-05-07,327.5596
2015-05-08,312.489
2015-05-09,294.8907
2015-05-10,302.9659
2015-05-11,329.8571
2015-05-12,308.9758
2015-05-13,305.2718
2015-05-14,346.9376
2015-05-15,253.9541
2015-05-16,211.719
2015-05-17,199.8599
2015-05-18,285.3068
2015-05-19,188.0691
2015-05-20,313.514
2015-05-21,300.946
2015-05-22,241.2478
2015-05-23,103.6874
2015-05-24,238.7529
2015-05-25,234.2808
2015-05-26,242.7612
2015-05-27,207.4739
2015-05-28,232.4361
2015-05-29,338.6406
2015-05-30,339.2216
2015-05-31,346.8092
2015-06-01,30.6428
2015-06-02,40.5616
2015-06-03,359.2123
2015-06-04,221.3221
2015-06-05,178.8527
2015-06-06,329.3649
2015-06-07,293.5825
2015-06-08,324.2337
2015-06-09,313.9617
2015-06-10,313.3603
2015-06-11,287.3279
2015-06-12,282.4699
2015-06-13,272.8571
2015-06-14,274.459
2015-06-15,224.577
2015-06-16,217.5713
2015-06-17,309.6148
2015-06-18,313.9648
2015-06-19,336.7024
2015-06-20,276.1543
2015-06-21,276.0303
2015-06-22,184.5954
2015-06-23,158.9339
2015-06-24,170.0688
2015-06-25,235.4154
2015-06-26,288.429
2015-06-27,265.3949
2015-06-28,292.2052
2015-06-29,281.0799
2015-06-30,290.1557
2015-07-01,280.5515
2015-07-02,318.3837
2015-07-03,323.9798
2015-07-04,110.7321
2015-07-05,286.2362
2015-07-06,289.8842
2015-07-07,237.7265
2015-07-08,189.3148
2015-07-09,192.5109
2015-07-10,192.7976
2015-07-11,206.1405
2015-07-12,144.3664
2015-07-13,17.7963
2015-07-14,19.7341
2015-07-15,7.318
2015-07-16,274.8502
2015-07-17,298.7557
2015-07-18,343.3151
2015-07-19,215.2761
2015-07-20,236.6879
2015-07-21,223.1535
2015-07-22,193.297
2015-07-23,327.008
2015-07-24,284.0901
2015-07-25,30.4606
2015-07-26,348.2822
2015-07-27,356.2034
2015-07-28,300.6925
2015-07-29,213.6985
2015-07-30,220.1671
2015-07-31,324.8493
2015-08-01,328.2113
2015-08-02,324.8378
2015-08-03,330.4642
2015-08-04,317.0825
2015-08-05,352.9626
2015-08-06,331.849
2015-08-07,317.0096
2015-08-08,253.2825
2015-08-09,174.0287
2015-08-10,160.7174
2015-08-11,180.7182
2015-08-12,190.2977
2015-08-13,6.909
2015-08-14,47.0093
2015-08-15,106.6088
2015-08-16,132.2442
2015-08-17,25.1232
2015-08-18,345.5886
2015-08-19,313.9067
2015-08-20,224.3318
2015-08-21,129.5917
2015-08-22,350.2997
2015-08-23,328.6031
2015-08-24,319.801
2015-08-25,297.4864
2015-08-26,206.9067
2015-08-27,47.0301
2015-08-28,337.6762
2015-08-29,345.2133
2015-08-30,286.6572
2015-08-31,119.5982
2015-09-01,64.7396
2015-09-02,319.9242
2015-09-03,225.7059
2015-09-04,292.5323
2015-09-05,293.1848
2015-09-06,247.0615
2015-09-07,207.3323
2015-09-08,288.7271
2015-09-09,316.362
2015-09-10,316.6059
2015-09-11,216.6004
2015-09-12,216.3062
2015-09-13,227.6933
2015-09-14,222.5454
2015-09-15,302.5473
2015-09-16,303.961
2015-09-17,319.7284
2015-09-18,300.9623
2015-09-19,181.5867
2015-09-20,135.5634
2015-09-21,157.5103
2015-09-22,182.9891
2015-09-23,131.7695
2015-09-24,128.144
2015-09-25,137.8758
2015-09-26,138.5619
2015-09-27,119.9967
2015-09-28,300.4092
2015-09-29,154.1437
2015-09-30,335.733
2015-10-01,321.4833
2015-10-02,306.3979
2015-10-03,262.4664
2015-10-04,305.1101
2015-10-05,255.2069
2015-10-06,306.9247
2015-10-07,306.6351
2015-10-08,226.4598
2015-10-09,295.1957
2015-10-10,304.0502
2015-10-11,313.9079
2015-10-12,292.5197
2015-10-13,289.1746
2015-10-14,28.4825
2015-10-15,316.7833
2015-10-16,301.2152
2015-10-17,293.7856
2015-10-18,301.7393
2015-10-19,267.9399
2015-10-20,292.2357
2015-10-21,302.9156
2015-10-22,305.0777
2015-10-23,304.3262
2015-10-24,43.3414
2015-10-25,251.0047
2015-10-26,324.5685
2015-10-27,231.9898
2015-10-28,330.2641
2015-10-29,255.4147
2015-10-30,161.8222
2015-10-31,289.8652
2015-11-01,307.7865
2015-11-02,312.3939
2015-11-03,298.7644
2015-11-04,181.3801
2015-11-05,153.3538
2015-11-06,72.0314
2015-11-07,338.0895
2015-11-08,309.2911
2015-11-09,266.8176
2015-11-10,307.26
2015-11-11,245.798
2015-11-12,173.9083
2015-11-13,157.6334
2015-11-14,317.2008
2015-11-15,263.8933
2015-11-16,74.8554
2015-11-17,267.3165
2015-11-18,168.9915
2015-11-19,16.1495
2015-11-20,315.246
2015-11-21,297.2916
2015-11-22,282.0123
2015-11-23,304.8042
2015-11-24,302.986
2015-11-25,314.2089
2015-11-26,320.4904
2015-11-27,318.1696
2015-11-28,299.7547
2015-11-29,285.6051
2015-11-30,67.6454
2015-12-01,12.2875
2015-12-02,346.4945
2015-12-03,324.2083
2015-12-04,307.6165
2015-12-05,294.6903
2015-12-06,247.8624
2015-12-07,288.3118
2015-12-08,240.3579
2015-12-09,219.8412
2015-12-10,302.3968
2015-12-11,292.2508
2015-12-12,325.9523
2015-12-13,284.7292
2015-12-14,289.2314
2015-12-15,292.0323
2015-12-16,242.5743
2015-12-17,181.5315
2015-12-18,206.7916
2015-12-19,178.9198
2015-12-20,307.2316
2015-12-21,317.0805
2015-12-22,270.7506
2015-12-23,131.3243
2015-12-24,326.0728
2015-12-25,234.7929
2015-12-26,176.0396
2015-12-27,123.9628
2015-12-28,115.6246
2015-12-29,169.8518
2015-12-30,196.8361
2015-12-31,126.2827
2016-01-01,23.2118
2016-01-02,0.6182
2016-01-03,227.1821
2016-01-04,156.9474
2016-01-05,113.8463
2016-01-06,59.1896
2016-01-07,322.3285
2016-01-08,316.8538
2016-01-09,293.6111
2016-01-10,261.8782
2016-01-11,30.7261
2016-01-12,316.9334
2016-01-13,227.3017
2016-01-14,341.9629
2016-01-15,302.1738
2016-01-16,303.7905
2016-01-17,115.0363
2016-01-18,71.4977
2016-01-19,328.5076
2016-01-20,313.5608
2016-01-21,309.4115
2016-01-22,307.6153
2016-01-23,306.9896
2016-01-24,300.8461
2016-01-25,320.5365
2016-01-26,326.619
2016-01-27,138.6173
2016-01-28,167.5939
2016-01-29,235.0391
2016-01-30,189.5478
2016-01-31,122.5317
2016-02-01,333.8674
2016-02-02,304.5177
2016-02-03,11.2749
2016-02-04,318.9669
2016-02-05,316.1545
2016-02-06,143.0044
2016-02-07,116.9489
2016-02-08,98.0176
2016-02-09,310.8668
2016-02-10,123.4238
2016-02-11,321.3356
2016-02-12,305.3199
2016-02-13,330.4409
2016-02-14,357.2225
2016-02-15,334.8482
2016-02-16,342.7145
2016-02-17,12.8478
2016-02-18,339.3773
2016-02-19,308.7284
2016-02-20,297.513
2016-02-21,262.0537
2016-02-22,84.8466
2016-02-23,307.8425
2016-02-24,313.3212
2016-02-25,297.0111
2016-02-26,312.6218
2016-02-27,304.9804
2016-02-28,310.3011
2016-02-29,247.0531
2016-03-01,132.6347
2016-03-02,140.1565
2016-03-03,346.6051
2016-03-04,308.1018
2016-03-05,315.0177
2016-03-06,311.8067
2016-03-07,295.3367
2016-03-08,283.7983
2016-03-09,48.2383
2016-03-10,300.6213
2016-03-11,173.972
2016-03-12,106.6367
2016-03-13,333.8859
2016-03-14,316.8381
2016-03-15,298.9321
2016-03-16,156.2648
2016-03-17,102.8045
2016-03-18,20.8488
2016-03-19,17.267
2016-03-20,347.0432
2016-03-21,339.574
2016-03-22,34.4344
2016-03-23,43.0903
2016-03-24,348.3845
2016-03-25,164.0017
2016-03-26,138.1559
2016-03-27,308.8722
2016-03-28,293.0641
2016-03-29,288.2628
2016-03-30,150.9578
2016-03-31,8.6217
2016-04-01,12.1784
2016-04-02,15.5414
2016-04-03,308.5453
2016-04-04,182.8961
2016-04-05,159.3266
2016-04-06,298.5541
2016-04-07,319.528
2016-04-08,267.5617
2016-04-09,96.7499
2016-04-10,11.4391
2016-04-11,313.4117
2016-04-12,300.5786
2016-04-13,176.7483
2016-04-14,324.1169
2016-04-15,142.2072
2016-04-16,335.1215
2016-04-17,316.8725
2016-04-18,173.241
2016-04-19,55.0958
2016-04-20,311.4196
2016-04-21,87.5594
2016-04-22,339.7749
2016-04-23,314.405
2016-04-24,275.215
2016-04-25,261.2152
2016-04-26,246.7538
2016-04-27,325.0347
2016-04-28,322.2974
2016-04-29,299.7937
2016-04-30,125.6197
2016-05-01,326.0992
2016-05-02,318.6483
2016-05-03,313.7809
2016-05-04,331.0771
2016-05-05,311.969
2016-05-06,324.734
2016-05-07,310.1583
2016-05-08,333.0293
2016-05-09,293.4537
2016-05-10,0.7022
2016-05-11,334.4896
2016-05-12,306.7799
2016-05-13,304.8192
2016-05-14,295.141
2016-05-15,307.4185
2016-05-16,307.2669
2016-05-17,223.5686
2016-05-18,307.2526
2016-05-19,282.5857
2016-05-20,319.603
2016-05-21,286.2444
2016-05-22,232.8736
2016-05-23,306.2632
2016-05-24,311.6954
2016-05-25,318.3155
2016-05-26,291.2246
2016-05-27,305.8883
2016-05-28,346.796
2016-05-29,273.371
2016-05-30,243.6031
2016-05-31,191.4799
2016-06-01,172.3267
2016-06-02,197.1942
2016-06-03,282.4359
2016-06-04,294.689
2016-06-05,343.8767
2016-06-06,106.5311
2016-06-07,50.057
2016-06-08,12.9338
2016-06-09,11.6199
2016-06-10,326.8633
2016-06-11,299.9937
2016-06-12,281.3975
2016-06-13,254.4075
2016-06-14,309.3217
2016-06-15,292.6701
2016-06-16,312.7578
2016-06-17,319.8999
2016-06-18,305.3878
2016-06-19,240.8997
2016-06-20,351.7525
2016-06-21,358.0291
2016-06-22,358.3109
2016-06-23,316.0487
2016-06-24,279.4634
2016-06-25,17.4205
2016-06-26,349.3217
2016-06-27,312.4019
2016-06-28,269.8928
2016-06-29,82.2456
2016-06-30,170.385
2016-07-01,179.31
2016-07-02,298.9671
2016-07-03,319.6906
2016-07-04,309.4436
2016-07-05,265.8678
2016-07-06,311.0359
2016-07-07,92.0524
2016-07-08,121.978
2016-07-09,122.3357
2016-07-10,101.2787
2016-07-11,74.8109
2016-07-12,14.8914
2016-07-13,0.2581
2016-07-14,299.3932
2016-07-15,289.2393
2016-07-16,266.573
2016-07-17,255.9642
2016-07-18,219.5304
2016-07-19,294.158
2016-07-20,266.9586
2016-07-21,257.3746
2016-07-22,338.7815
2016-07-23,341.4157
2016-07-24,292.662
2016-07-25,281.61
2016-07-26,332.8379
2016-07-27,311.5174
2016-07-28,313.0865
2016-07-29,266.7842
2016-07-30,297.3215
2016-07-31,270.2762
2016-08-01,294.8333
2016-08-02,214.5142
2016-08-03,322.4652
2016-08-04,189.4776
2016-08-05,143.4886
2016-08-06,145.539
2016-08-07,182.3576
2016-08-08,174.8171
2016-08-09,150.5518
2016-08-10,96.382
2016-08-11,24.1787
2016-08-12,342.6027
2016-08-13,312.0517
2016-08-14,306.4851
2016-08-15,309.4706
2016-08-16,135.812
2016-08-17,10.6729
2016-08-18,93.7273
2016-08-19,72.2451
2016-08-20,28.7446
2016-08-21,0.6521
2016-08-22,333.0706
2016-08-23,269.4934
2016-08-24,72.338
2016-08-25,34.7571
2016-08-26,317.7846
2016-08-27,265.4893
2016-08-28,301.7208
2016-08-29,292.6124
2016-08-30,190.2303
2016-08-31,31.8896
2016-09-01,320.6044
2016-09-02,311.3132
2016-09-03,286.8082
2016-09-04,354.6189
2016-09-05,287.0756
2016-09-06,209.6308
2016-09-07,279.8049
2016-09-08,191.3283
2016-09-09,166.6799
2016-09-10,171.9724
2016-09-11,333.377
2016-09-12,314.8643
2016-09-13,301.0417
2016-09-14,311.1384
2016-09-15,340.4006
2016-09-16,333.8076
2016-09-17,342.4747
2016-09-18,190.8595
2016-09-19,177.6508
2016-09-20,147.8851
2016-09-21,147.9849
2016-09-22,142.1337
2016-09-23,134.8455
2016-09-24,108.9087
2016-09-25,92.1111
2016-09-26,82.0209
2016-09-27,82.8649
2016-09-28,86.9975
2016-09-29,84.6176
2016-09-30,36.9781
2016-10-01,356.6974
2016-10-02,351.2662
2016-10-03,322.6206
2016-10-04,320.9216
2016-10-05,303.8071
2016-10-06,302.9064
2016-10-07,234.8056
2016-10-08,296.1215
2016-10-09,219.8448
2016-10-10,35.3033
2016-10-11,325.4705
2016-10-12,311.3971
2016-10-13,296.6394
2016-10-14,315.2889
2016-10-15,218.0786
2016-10-16,296.6575
2016-10-17,300.1402
2016-10-18,304.661
2016-10-19,309.2544
2016-10-20,290.9491
2016-10-21,170.0646
2016-10-22,184.1007
2016-10-23,112.2537
2016-10-24,23.1551
2016-10-25,349.1269
2016-10-26,321.1247
2016-10-27,309.3559
2016-10-28,298.9552
2016-10-29,207.1659
2016-10-30,182.7597
2016-10-31,88.7619
2016-11-01,326.1702
2016-11-02,326.7179
2016-11-03,287.8673
2016-11-04,258.0256
2016-11-05,306.2955
2016-11-06,324.8089
2016-11-07,143.0967
2016-11-08,209.6013
2016-11-09,296.4619
2016-11-10,306.0489
2016-11-11,320.2313
2016-11-12,259.4569
2016-11-13,274.1952
2016-11-14,353.8197
2016-11-15,338.8825
2016-11-16,306.8008
2016-11-17,242.5994
2016-11-18,240.2364
2016-11-19,291.2654
2016-11-20,279.8395
2016-11-21,298.0275
2016-11-22,320.3647
2016-11-23,292.6329
2016-11-24,338.9793
2016-11-25,340.9796
2016-11-26,307.401
2016-11-27,294.8414
2016-11-28,279.6984
2016-11-29,289.8595
2016-11-30,266.8183
2016-12-01,273.085
2016-12-02,172.4863
2016-12-03,321.908
2016-12-04,247.0367
2016-12-05,69.0076
2016-12-06,315.1528
2016-12-07,332.9861
2016-12-08,47.5189
2016-12-09,13.0501
2016-12-10,323.0412
2016-12-11,251.6503
2016-12-12,237.6329
2016-12-13,278.8212
2016-12-14,298.6675
2016-12-15,303.1549
2016-12-16,283.7115
2016-12-17,314.4567
2016-12-18,313.2848
2016-12-19,298.0608
2016-12-20,316.5956
2016-12-21,327.6492
2016-12-22,325.6838
2016-12-23,227.6852
2016-12-24,227.8402
2016-12-25,249.7519
2016-12-26,302.1781
2016-12-27,298.7156
2016-12-28,276.4263
2016-12-29,227.9081
2016-12-30,226.8342
2016-12-31,334.7027
2017-01-01,311.6368
2017-01-02,165.4993
2017-01-03,319.1759
2017-01-04,247.0347
2017-01-05,220.7528
2017-01-06,299.9589
2017-01-07,278.792
2017-01-08,281.7417
2017-01-09,286.6853
2017-01-10,296.7564
2017-01-11,308.001
2017-01-12,306.6414
2017-01-13,286.1015
2017-01-14,323.9161
2017-01-15,306.5536
2017-01-16,290.4053
2017-01-17,290.6854
2017-01-18,307.8977
2017-01-19,298.0112
2017-01-20,187.6046
2017-01-21,14.7656
2017-01-22,330.5439
2017-01-23,284.2306
2017-01-24,324.8427
2017-01-25,302.7496
2017-01-26,295.7853
2017-01-27,288.4125
2017-01-28,9.5733
2017-01-29,303.1621
2017-01-30,314.6188
2017-01-31,302.2685
2017-02-01,304.4104
2017-02-02,319.5972
2017-02-03,303.0341
2017-02-04,301.3761
2017-02-05,321.9292
2017-02-06,309.2641
2017-02-07,259.007
2017-02-08,149.8289
2017-02-09,105.4749
2017-02-10,342.1866
2017-02-11,286.227
2017-02-12,307.0083
2017-02-13,308.9043
2017-02-14,300.1153
2017-02-15,303.9254
2017-02-16,65.0392
2017-02-17,84.5689
2017-02-18,75.4024
2017-02-19,66.7302
2017-02-20,54.9933
2017-02-21,2.1768
2017-02-22,311.9375
2017-02-23,155.2155
2017-02-24,135.698
2017-02-25,315.0018
2017-02-26,176.2645
2017-02-27,106.2238
2017-02-28,97.4382
2017-03-01,313.9753
2017-03-02,252.7053
2017-03-03,304.2402
2017-03-04,297.6094
2017-03-05,311.4852
2017-03-06,312.0175
2017-03-07,237.1993
2017-03-08,145.4019
2017-03-09,103.1506
2017-03-10,55.7017
2017-03-11,90.4414
2017-03-12,135.5443
2017-03-13,226.35
2017-03-14,191.7029
2017-03-15,155.383
2017-03-16,80.808
2017-03-17,326.3033
2017-03-18,205.9095
2017-03-19,97.2671
2017-03-20,306.177
2017-03-21,280.0535
2017-03-22,292.7538
2017-03-23,132.1367
2017-03-24,308.0623
2017-03-25,110.8185
2017-03-26,63.9252
2017-03-27,117.5152
2017-03-28,141.2092
2017-03-29,133.6304
2017-03-30,308.4564
2017-03-31,322.4863
2017-04-01,327.1748
2017-04-02,310.3299
2017-04-03,168.6302
2017-04-04,108.9116
2017-04-05,106.5263
2017-04-06,267.5028
2017-04-07,205.3627
2017-04-08,127.5743
2017-04-09,58.9364
2017-04-10,2.527
2017-04-11,17.4277
2017-04-12,51.3761
2017-04-13,94.2689
2017-04-14,343.8891
2017-04-15,314.8191
2017-04-16,332.8654
2017-04-17,168.2936
2017-04-18,159.429
2017-04-19,283.4007
2017-04-20,188.9951
2017-04-21,261.5856
2017-04-22,330.046
2017-04-23,331.0914
2017-04-24,135.1705
2017-04-25,102.0601
2017-04-26,326.4573
2017-04-27,336.2245
2017-04-28,327.6209
2017-04-29,330.8477
2017-04-30,242.9327
2017-05-01,192.7852
2017-05-02,323.4272
2017-05-03,305.794
2017-05-04,252.1077
2017-05-05,219.3568
2017-05-06,278.5476
2017-05-07,323.7517
2017-05-08,327.9562
2017-05-09,324.2331
2017-05-10,1.9779
2017-05-11,346.9339
2017-05-12,169.127
2017-05-13,186.9471
2017-05-14,281.7324
2017-05-15,271.8639
2017-05-16,17.7798
2017-05-17,7.0698
2017-05-18,266.9194
2017-05-19,271.1758
2017-05-20,236.0951
2017-05-21,213.6336
2017-05-22,312.398
2017-05-23,307.9322
2017-05-24,222.7025
2017-05-25,46.3048
2017-05-26,4.909
2017-05-27,62.5018
2017-05-28,156.361
2017-05-29,178.8543
2017-05-30,328.6211
2017-05-31,160.579
2017-06-01,123.6682
2017-06-02,118.7746
2017-06-03,147.8833
2017-06-04,162.0151
2017-06-05,94.5682
2017-06-06,178.146
2017-06-07,226.4865
2017-06-08,201.5165
2017-06-09,298.2843
2017-06-10,240.8167
2017-06-11,292.6043
2017-06-12,300.9697
2017-06-13,294.2751
2017-06-14,234.8276
2017-06-15,274.3891
2017-06-16,207.0684
2017-06-17,13.1076
2017-06-18,336.964
2017-06-19,294.4973
2017-06-20,19.7967
2017-06-21,1.0637
2017-06-22,128.6773
2017-06-23,127.7968
2017-06-24,259.93
2017-06-25,261.8107
2017-06-26,185.4088
2017-06-27,314.8663
2017-06-28,169.1388
2017-06-29,147.4606
2017-06-30,356.6136
2017-07-01,25.2635
2017-07-02,12.1545
2017-07-03,238.0107
2017-07-04,281.6472
2017-07-05,236.3531
2017-07-06,102.1748
2017-07-07,97.5367
2017-07-08,355.3409
2017-07-09,155.35
2017-07-10,253.9842
2017-07-11,276.5913
2017-07-12,194.3735
2017-07-13,181.9518
2017-07-14,164.3133
2017-07-15,225.6905
2017-07-16,325.3569
2017-07-17,322.6374
2017-07-18,174.1227
2017-07-19,354.3392
2017-07-20,41.4856
2017-07-21,335.1763
2017-07-22,216.9121
2017-07-23,238.4439
2017-07-24,305.6647
2017-07-25,296.556
2017-07-26,301.5062
2017-07-27,323.8257
2017-07-28,190.5066
2017-07-29,203.4382
2017-07-30,316.1914
2017-07-31,326.6144
2017-08-01,277.9037
2017-08-02,126.867
2017-08-03,136.539
2017-08-04,127.0775
2017-08-05,54.6187
2017-08-06,351.2314
2017-08-07,314.4965
2017-08-08,353.6032
2017-08-09,357.4741
2017-08-10,320.0477
2017-08-11,297.321
2017-08-12,303.5744
2017-08-13,306.7162
2017-08-14,351.5734
2017-08-15,309.9469
2017-08-16,321.1532
2017-08-17,332.7311
2017-08-18,342.1731
2017-08-19,59.6198
2017-08-20,200.2053
2017-08-21,198.2052
2017-08-22,184.6372
2017-08-23,336.1661
2017-08-24,338.0957
2017-08-25,335.8565
2017-08-26,338.6208
2017-08-27,8.9877
2017-08-28,13.3866
2017-08-29,312.953
2017-08-30,108.7393
2017-08-31,164.4933
2017-09-01,170.4922
2017-09-02,149.9238
2017-09-03,165.9619
2017-09-04,228.9458
2017-09-05,329.9474
2017-09-06,319.9979
2017-09-07,305.6064
2017-09-08,301.3997
2017-09-09,307.1621
2017-09-10,282.6074
2017-09-11,224.1383
2017-09-12,269.3472
2017-09-13,306.84
2017-09-14,315.254
2017-09-15,332.8456
2017-09-16,296.951
2017-09-17,326.8371
2017-09-18,288.5364
2017-09-19,174.6522
2017-09-20,40.8358
2017-09-21,20.1937
2017-09-22,188.0384
2017-09-23,319.7772
2017-09-24,315.2996
2017-09-25,319.9638
2017-09-26,317.1981
2017-09-27,275.2018
2017-09-28,170.4562
2017-09-29,310.7873
2017-09-30,268.1961
2017-10-01,305.0262
2017-10-02,275.721
2017-10-03,292.5542
2017-10-04,296.7759
2017-10-05,158.4543
2017-10-06,316.2667
2017-10-07,16.2104
2017-10-08,71.2982
2017-10-09,68.0441
2017-10-10,323.4294
2017-10-11,266.2197
2017-10-12,248.66
2017-10-13,310.9107
2017-10-14,298.6844
2017-10-15,280.7978
2017-10-16,260.7785
2017-10-17,267.8465
2017-10-18,181.1919
2017-10-19,240.1487
2017-10-20,18.2554
2017-10-21,298.1473
2017-10-22,290.4442
2017-10-23,301.8376
2017-10-24,292.2458
2017-10-25,291.7708
2017-10-26,285.8201
2017-10-27,107.6914
2017-10-28,56.3443
2017-10-29,5.3011
2017-10-30,349.5063
2017-10-31,26.7963
2017-11-01,13.0686
2017-11-02,337.6433
2017-11-03,338.2049
2017-11-04,309.0936
2017-11-05,297.8651
2017-11-06,281.9061
2017-11-07,334.3395
2017-11-08,296.874
2017-11-09,300.9739
2017-11-10,148.2694
2017-11-11,146.0846
2017-11-12,180.0238
2017-11-13,169.3302
2017-11-14,155.181
2017-11-15,95.0623
2017-11-16,325.2373
2017-11-17,252.4997
2017-11-18,148.4835
2017-11-19,147.0901
2017-11-20,163.6561
2017-11-21,176.4539
2017-11-22,154.208
2017-11-23,141.2915
2017-11-24,296.4249
2017-11-25,155.289
2017-11-26,123.9142
2017-11-27,297.5076
2017-11-28,204.0454
2017-11-29,240.2495
2017-11-30,125.0009
2017-12-01,339.5073
2017-12-02,314.491
2017-12-03,313.8754
2017-12-04,323.643
2017-12-05,314.3686
2017-12-06,118.1726
2017-12-07,8.9068
2017-12-08,330.8703
2017-12-09,318.2728
2017-12-10,313.0635
2017-12-11,301.6707
2017-12-12,289.1165
2017-12-13,228.5773
2017-12-14,125.1901
2017-12-15,326.1163
2017-12-16,324.749
2017-12-17,319.1537
2017-12-18,197.7952
2017-12-19,287.0002
2017-12-20,197.5605
2017-12-21,288.6311
2017-12-22,127.2342
2017-12-23,52.9447
2017-12-24,339.0133
2017-12-25,323.3277
2017-12-26,244.992
2017-12-27,178.7623
2017-12-28,177.2856
2017-12-29,177.4413
2017-12-30,291.2037
2017-12-31,312.1047
2018-01-01,32.3627
2018-01-02,28.8456
2018-01-03,36.0427
2018-01-04,53.6684
2018-01-05,117.2282
2018-01-06,206.4734
2018-01-07,285.8475
2018-01-08,316.0956
2018-01-09,301.0603
2018-01-10,274.2582
2018-01-11,227.1706
2018-01-12,88.5133
2018-01-13,10.3305
2018-01-14,9.7831
2018-01-15,26.9529
2018-01-16,35.5877
2018-01-17,5.7108
2018-01-18,349.8064
2018-01-19,316.9426
2018-01-20,306.8099
2018-01-21,325.1149
2018-01-22,319.0335
2018-01-23,312.4617
2018-01-24,309.7143
2018-01-25,315.3793
2018-01-26,149.5383
2018-01-27,131.6037
2018-01-28,126.7398
2018-01-29,64.5474
2018-01-30,329.7184
2018-01-31,326.3812
2018-02-01,344.1562
2018-02-02,249.6873
2018-02-03,165.0072
2018-02-04,315.0927
2018-02-05,297.9766
2018-02-06,248.9125
2018-02-07,109.2964
2018-02-08,104.4848
2018-02-09,71.863
2018-02-10,77.6195
2018-02-11,36.2407
2018-02-12,323.7843
2018-02-13,310.7777
2018-02-14,304.2683
2018-02-15,302.7602
2018-02-16,314.3193
2018-02-17,307.9012
2018-02-18,312.2393
2018-02-19,301.5291
2018-02-20,6.8815
2018-02-21,296.8297
2018-02-22,188.8152
2018-02-23,288.3233
2018-02-24,322.4796
2018-02-25,308.0069
2018-02-26,243.0
2018-02-27,106.2116
2018-02-28,53.926
2018-03-01,35.4178
2018-03-02,48.6463
2018-03-03,35.8296
2018-03-04,9.8284
2018-03-05,307.7071
2018-03-06,263.8782
2018-03-07,155.0959
2018-03-08,164.7554
2018-03-09,160.2995
2018-03-10,157.0296
2018-03-11,86.1596
2018-03-12,2.4465
2018-03-13,280.8666
2018-03-14,285.5523
2018-03-15,307.8926
2018-03-16,281.7263
2018-03-17,116.738
2018-03-18,66.2385
2018-03-19,26.3407
2018-03-20,5.6925
2018-03-21,351.6051
2018-03-22,93.6891
2018-03-23,86.2028
2018-03-24,18.3378
2018-03-25,312.7116
2018-03-26,327.663
2018-03-27,329.9234
2018-03-28,320.3722
2018-03-29,294.6666
2018-03-30,277.7127
2018-03-31,295.0842
2018-04-01,311.0973
2018-04-02,310.4813
2018-04-03,301.7003
2018-04-04,295.1801
2018-04-05,295.3543
2018-04-06,310.5463
2018-04-07,249.6201
2018-04-08,300.2712
2018-04-09,287.525
2018-04-10,182.5291
2018-04-11,193.7025
2018-04-12,266.6604
2018-04-13,240.0004
2018-04-14,94.0252
2018-04-15,44.8282
2018-04-16,317.9487
2018-04-17,308.5631
2018-04-18,279.3979
2018-04-19,291.3814
2018-04-20,293.7061
2018-04-21,285.9951
2018-04-22,244.2809
2018-04-23,309.6688
2018-04-24,295.3623
2018-04-25,311.1215
2018-04-26,320.9808
2018-04-27,331.2429
2018-04-28,65.685
2018-04-29,75.4225
2018-04-30,154.0848
2018-05-01,201.2004
2018-05-02,163.2391
2018-05-03,99.3099
2018-05-04,19.9685
2018-05-05,339.2166
2018-05-06,303.4896
2018-05-07,286.0733
2018-05-08,297.7586
2018-05-09,306.4354
2018-05-10,343.396
2018-05-11,351.1977
2018-05-12,137.8396
2018-05-13,74.8479
2018-05-14,144.2631
2018-05-15,25.125
2018-05-16,321.6791
2018-05-17,280.4468
2018-05-18,293.8981
2018-05-19,306.6813
2018-05-20,302.6405
2018-05-21,295.9492
2018-05-22,319.5132
2018-05-23,278.493
2018-05-24,296.034
2018-05-25,265.865
2018-05-26,233.8439
2018-05-27,223.3487
2018-05-28,179.1779
2018-05-29,174.3244
2018-05-30,193.6236
2018-05-31,183.4625
2018-06-01,112.8344
2018-06-02,89.4161
2018-06-03,85.0965
2018-06-04,91.0059
2018-06-05,207.7437
2018-06-06,199.7247
2018-06-07,199.8767
2018-06-08,180.5673
2018-06-09,327.9959
2018-06-10,321.7712
2018-06-11,133.4906
2018-06-12,126.2814
2018-06-13,310.2689
2018-06-14,294.0868
2018-06-15,318.6986
2018-06-16,322.8392
2018-06-17,308.6196
2018-06-18,9.8504
2018-06-19,175.4398
2018-06-20,123.6354
2018-06-21,121.8638
2018-06-22,253.6915
2018-06-23,310.0573
2018-06-24,311.9223
2018-06-25,285.9671
2018-06-26,232.5408
2018-06-27,242.808
2018-06-28,258.4944
2018-06-29,213.1072
2018-06-30,317.5506
2018-07-01,334.5915
2018-07-02,254.2837
2018-07-03,192.7142
2018-07-04,305.3531
2018-07-05,107.8171
2018-07-06,335.198
2018-07-07,322.0906
2018-07-08,340.4599
2018-07-09,308.2984
2018-07-10,269.4384
2018-07-11,290.0297
2018-07-12,225.9011
2018-07-13,336.9446
2018-07-14,34.9349
2018-07-15,71.4583
2018-07-16,341.2235
2018-07-17,292.4819
2018-07-18,305.6133
2018-07-19,319.9899
2018-07-20,322.6057
2018-07-21,337.1274
2018-07-22,305.8502
2018-07-23,283.6741
2018-07-24,159.8777
2018-07-25,303.4328
2018-07-26,285.7723
2018-07-27,298.0833
2018-07-28,290.7863
2018-07-29,273.97
2018-07-30,210.1776
2018-07-31,355.9959
2018-08-01,322.6227
2018-08-02,348.2958
2018-08-03,354.8315
2018-08-04,116.0717
2018-08-05,72.9876
2018-08-06,45.2231
2018-08-07,355.7494
2018-08-08,352.5006
2018-08-09,294.1001
2018-08-10,236.1613
2018-08-11,101.5057
2018-08-12,4.6731
2018-08-13,4.392
2018-08-14,5.9967
2018-08-15,235.084
2018-08-16,311.0274
2018-08-17,293.8346
2018-08-18,213.8813
2018-08-19,322.7648
2018-08-20,4.5138
2018-08-21,314.2522
2018-08-22,297.4385
2018-08-23,227.6111
2018-08-24,224.4615
2018-08-25,239.8339
2018-08-26,312.0592
2018-08-27,325.6526
2018-08-28,348.0081
2018-08-29,27.8648
2018-08-30,16.6291
2018-08-31,221.859
2018-09-01,314.9608
2018-09-02,328.8363
2018-09-03,242.7829
2018-09-04,163.7827
2018-09-05,150.3772
2018-09-06,148.2863
2018-09-07,159.4422
2018-09-08,172.2537
2018-09-09,218.3469
2018-09-10,197.4598
2018-09-11,171.8561
2018-09-12,301.0832
2018-09-13,303.155
2018-09-14,299.9807
2018-09-15,348.7115
2018-09-16,333.7145
2018-09-17,347.8221
2018-09-18,257.2194
2018-09-19,54.2362
2018-09-20,344.0207
2018-09-21,252.9532
2018-09-22,164.3276
2018-09-23,316.2188
2018-09-24,297.1891
2018-09-25,266.1636
2018-09-26,254.3092
2018-09-27,155.5932
2018-09-28,333.4348
2018-09-29,308.4545
2018-09-30,314.4535
2018-10-01,319.142
2018-10-02,299.687
2018-10-03,323.5917
2018-10-04,307.5725
2018-10-05,285.6845
2018-10-06,89.1068
2018-10-07,253.9432
2018-10-08,308.9452
2018-10-09,312.5178
2018-10-10,293.4725
2018-10-11,334.555
2018-10-12,195.1273
2018-10-13,194.0066
2018-10-14,208.4201
2018-10-15,260.4186
2018-10-16,297.7006
2018-10-17,292.4853
2018-10-18,204.4284
2018-10-19,316.9539
2018-10-20,310.3058
2018-10-21,308.789
2018-10-22,338.2988
2018-10-23,315.7055
2018-10-24,317.3014
2018-10-25,292.5912
2018-10-26,187.8953
2018-10-27,332.4182
2018-10-28,319.8307
2018-10-29,109.3505
2018-10-30,202.0567
2018-10-31,258.8223
2018-11-01,210.8188
2018-11-02,273.8355
2018-11-03,317.5241
2018-11-04,281.8361
2018-11-05,294.0592
2018-11-06,322.4256
2018-11-07,321.2577
2018-11-08,312.8504
2018-11-09,310.285
2018-11-10,157.0346
2018-11-11,42.5789
2018-11-12,320.8442
2018-11-13,138.9144
2018-11-14,7.7707
2018-11-15,327.7508
2018-11-16,316.0396
2018-11-17,292.6145
2018-11-18,299.7667
2018-11-19,228.1701
2018-11-20,355.4877
2018-11-21,7.5864
2018-11-22,155.3999
2018-11-23,107.2841
2018-11-24,53.4042
2018-11-25,87.4376
2018-11-26,118.1315
2018-11-27,172.9591
2018-11-28,133.1134
2018-11-29,132.2372
2018-11-30,89.4297
2018-12-01,70.0071
2018-12-02,65.3655
2018-12-03,9.6182
2018-12-04,309.5596
2018-12-05,293.2424
2018-12-06,208.4304
2018-12-07,214.7782
2018-12-08,325.4947
2018-12-09,323.4122
2018-12-10,154.8941
2018-12-11,72.3901
2018-12-12,270.0403
2018-12-13,116.6509
2018-12-14,98.5338
2018-12-15,166.0492
2018-12-16,150.5553
2018-12-17,324.7856
2018-12-18,295.2883
2018-12-19,321.2096
2018-12-20,209.0437
2018-12-21,268.1624
2018-12-22,278.6986
2018-12-23,137.3581
2018-12-24,96.0724
2018-12-25,107.4879
2018-12-26,197.2826
2018-12-27,122.1489
2018-12-28,53.6516
2018-12-29,319.7537
2018-12-30,308.1997
2018-12-31,308.0697
2019-01-01,337.1062
2019-01-02,303.8966
2019-01-03,290.106
2019-01-04,234.2323
2019-01-05,323.0731
2019-01-06,290.904
2019-01-07,295.9978
2019-01-08,281.7324
2019-01-09,335.3938
2019-01-10,305.4987
2019-01-11,267.8189
2019-01-12,114.7123
2019-01-13,323.8581
2019-01-14,210.787
2019-01-15,178.0989
2019-01-16,168.6187
2019-01-17,281.7578
2019-01-18,235.4026
2019-01-19,312.1603
2019-01-20,288.12
2019-01-21,282.4739
2019-01-22,290.655
2019-01-23,291.5028
2019-01-24,167.3926
2019-01-25,323.3154
2019-01-26,316.3796
2019-01-27,296.0087
2019-01-28,312.753
2019-01-29,62.4904
2019-01-30,333.1169
2019-01-31,334.858
2019-02-01,299.5099
2019-02-02,147.0942
2019-02-03,38.8561
2019-02-04,328.4453
2019-02-05,293.6867
2019-02-06,161.8765
2019-02-07,111.7421
2019-02-08,15.3899
2019-02-09,353.3883
2019-02-10,16.0941
2019-02-11,355.316
2019-02-12,298.5915
2019-02-13,319.8428
2019-02-14,305.1543
2019-02-15,264.6247
2019-02-16,196.2102
2019-02-17,332.2108
2019-02-18,317.2521
2019-02-19,322.3637
2019-02-20,304.2994
2019-02-21,322.7467
2019-02-22,317.2048
2019-02-23,240.4562
2019-02-24,172.3055
2019-02-25,173.7436
2019-02-26,315.8195
2019-02-27,297.2204
2019-02-28,189.5801
2019-03-01,159.2179
2019-03-02,174.9357
2019-03-03,214.4364
2019-03-04,314.9228
2019-03-05,315.5843
2019-03-06,327.3354
2019-03-07,323.6385
2019-03-08,60.6601
2019-03-09,172.4134
2019-03-10,152.8527
2019-03-11,339.7185
2019-03-12,329.4343
2019-03-13,309.7218
2019-03-14,183.6606
2019-03-15,326.258
2019-03-16,300.6158
2019-03-17,125.4539
2019-03-18,80.4515
2019-03-19,103.3267
2019-03-20,117.6768
2019-03-21,105.412
2019-03-22,48.5294
2019-03-23,36.1148
2019-03-24,337.7975
2019-03-25,330.8797
2019-03-26,327.6143
2019-03-27,323.3507
2019-03-28,136.5648
2019-03-29,103.4993
2019-03-30,72.0842
2019-03-31,21.2677
2019-04-01,334.7861
2019-04-02,198.7017
2019-04-03,156.6565
2019-04-04,40.3908
2019-04-05,165.2118
2019-04-06,170.4956
2019-04-07,144.1479
2019-04-08,170.2403
2019-04-09,307.6872
2019-04-10,304.151
2019-04-11,318.5299
2019-04-12,203.7809
2019-04-13,198.4638
2019-04-14,193.279
2019-04-15,187.0347
2019-04-16,164.3082
2019-04-17,139.8046
2019-04-18,113.9469
2019-04-19,335.6243
2019-04-20,322.5707
2019-04-21,4.1781
2019-04-22,88.2784
2019-04-23,125.4764
2019-04-24,150.8787
2019-04-25,307.6102
2019-04-26,312.3659
2019-04-27,318.0642
2019-04-28,315.8473
2019-04-29,298.3784
2019-04-30,191.2102
2019-05-01,173.0825
2019-05-02,290.3771
2019-05-03,0.6045
2019-05-04,335.1299
2019-05-05,319.7131
2019-05-06,115.1181
2019-05-07,59.7335
2019-05-08,357.666
2019-05-09,348.9768
2019-05-10,313.8895
2019-05-11,329.8144
2019-05-12,340.2087
2019-05-13,237.879
2019-05-14,311.0053
2019-05-15,290.1473
2019-05-16,264.5374
2019-05-17,210.1376
2019-05-18,298.8915
2019-05-19,266.9888
2019-05-20,295.2728
2019-05-21,315.8566
2019-05-22,305.4248
2019-05-23,297.2486
2019-05-24,327.4413
2019-05-25,317.7939
2019-05-26,307.6727
2019-05-27,330.8052
2019-05-28,351.7684
2019-05-29,303.2412
2019-05-30,325.5546
2019-05-31,312.486
2019-06-01,265.2905
2019-06-02,207.1975
2019-06-03,275.3902
2019-06-04,294.9724
2019-06-05,149.3352
2019-06-06,281.7788
2019-06-07,241.3945
2019-06-08,235.0288
2019-06-09,283.8084
2019-06-10,301.4818
2019-06-11,335.3975
2019-06-12,30.1265
2019-06-13,119.3015
2019-06-14,110.3111
2019-06-15,244.173
2019-06-16,275.3179
2019-06-17,265.9985
2019-06-18,213.4477
2019-06-19,96.8753
2019-06-20,15.0959
2019-06-21,324.7531
2019-06-22,267.4453
2019-06-23,118.6938
2019-06-24,184.1449
2019-06-25,180.4342
2019-06-26,341.7377
2019-06-27,319.9906
2019-06-28,343.9643
2019-06-29,324.7791
2019-06-30,341.3031
2019-07-01,338.5306
2019-07-02,2.6823
2019-07-03,347.8695
2019-07-04,191.4837
2019-07-05,197.9943
2019-07-06,204.7024
2019-07-07,290.3215
2019-07-08,247.6904
2019-07-09,303.1393
2019-07-10,339.8476
2019-07-11,310.4466
2019-07-12,338.2702
2019-07-13,315.411
2019-07-14,320.421
2019-07-15,318.0998
2019-07-16,328.4319
2019-07-17,288.1882
2019-07-18,311.1899
2019-07-19,42.1143
2019-07-20,271.9081
2019-07-21,3.64
2019-07-22,62.2314
2019-07-23,114.5781
2019-07-24,75.2854
2019-07-25,42.2727
2019-07-26,19.7488
2019-07-27,342.3052
2019-07-28,346.1401
2019-07-29,20.0776
2019-07-30,309.6438
2019-07-31,255.8143
2019-08-01,235.1753
2019-08-02,277.5078
2019-08-03,263.2579
2019-08-04,283.0508
2019-08-05,259.4297
2019-08-06,279.9718
2019-08-07,295.3649
2019-08-08,312.3269
2019-08-09,306.9896
2019-08-10,0.3838
2019-08-11,329.7864
2019-08-12,276.2151
2019-08-13,281.0013
2019-08-14,222.4528
2019-08-15,298.9735
2019-08-16,300.0326
2019-08-17,252.9695
2019-08-18,147.0697
2019-08-19,19.1838
2019-08-20,349.155
2019-08-21,328.8035
2019-08-22,330.2316
2019-08-23,295.4003
2019-08-24,217.5838
2019-08-25,291.2239
2019-08-26,282.2827
2019-08-27,258.6587
2019-08-28,310.6635
2019-08-29,293.615
2019-08-30,280.7573
2019-08-31,278.6498
2019-09-01,310.7131
2019-09-02,299.0991
2019-09-03,70.5339
2019-09-04,84.5357
2019-09-05,151.4782
2019-09-06,208.6337
2019-09-07,217.3052
2019-09-08,116.3856
2019-09-09,113.6243
2019-09-10,91.5628
2019-09-11,232.5007
2019-09-12,302.3138
2019-09-13,292.3451
2019-09-14,354.2546
2019-09-15,299.8742
2019-09-16,298.5878
2019-09-17,289.9068
2019-09-18,16.1268
2019-09-19,312.0249
2019-09-20,176.8732
2019-09-21,188.2414
2019-09-22,321.0066
2019-09-23,306.936
2019-09-24,292.1976
2019-09-25,278.657
2019-09-26,266.2246
2019-09-27,280.8794
2019-09-28,295.7597
2019-09-29,306.1915
2019-09-30,312.2211
2019-10-01,248.8259
2019-10-02,247.283
2019-10-03,212.3159
2019-10-04,299.6224
2019-10-05,284.0503
2019-10-06,118.9331
2019-10-07,336.7547
2019-10-08,304.2516
2019-10-09,326.4601
2019-10-10,355.0183
2019-10-11,328.2355
2019-10-12,214.366
2019-10-13,151.6893
2019-10-14,100.1149
2019-10-15,115.2143
2019-10-16,195.7363
2019-10-17,279.7566
2019-10-18,347.0294
2019-10-19,317.3817
2019-10-20,317.9685
2019-10-21,294.9817
2019-10-22,281.8093
2019-10-23,219.5703
2019-10-24,274.1143
2019-10-25,239.388
2019-10-26,304.9146
2019-10-27,309.3337
2019-10-28,305.7311
2019-10-29,283.8834
2019-10-30,285.2145
2019-10-31,265.5162
2019-11-01,225.92
2019-11-02,270.288
2019-11-03,311.7788
2019-11-04,309.3793
2019-11-05,297.6426
2019-11-06,320.4688
2019-11-07,324.6101
2019-11-08,324.9729
2019-11-09,335.5752
2019-11-10,4.3324
2019-11-11,258.437
2019-11-12,237.2077
2019-11-13,319.2067
2019-11-14,312.2913
2019-11-15,300.0719
2019-11-16,310.1765
2019-11-17,323.0467
2019-11-18,298.328
2019-11-19,303.5887
2019-11-20,286.6713
2019-11-21,276.0921
2019-11-22,317.0235
2019-11-23,340.7183
2019-11-24,308.8666
2019-11-25,139.623
2019-11-26,329.4736
2019-11-27,310.065
2019-11-28,303.215
2019-11-29,244.0536
2019-11-30,19.6832
2019-12-01,334.3225
2019-12-02,344.0932
2019-12-03,327.9499
2019-12-04,315.0265
2019-12-05,311.5934
2019-12-06,315.6399
2019-12-07,327.7497
2019-12-08,321.7569
2019-12-09,236.0881
2019-12-10,119.7305
2019-12-11,94.1315
2019-12-12,141.001
2019-12-13,313.4587
2019-12-14,308.0827
2019-12-15,299.9204
2019-12-16,350.0708
2019-12-17,29.7801
2019-12-18,249.0828
2019-12-19,303.579
2019-12-20,289.4953
2019-12-21,173.5106
2019-12-22,332.1386
2019-12-23,185.665
2019-12-24,177.9675
2019-12-25,131.2218
2019-12-26,108.0821
2019-12-27,303.3156
2019-12-28,273.3517
2019-12-29,298.1326
2019-12-30,251.7941
2019-12-31,215.1067
2020-01-01,315.5316
2020-01-02,293.3467
2020-01-03,259.3623
2020-01-04,237.0522
2020-01-05,295.0868
2020-01-06,267.2602
2020-01-07,220.4104
2020-01-08,185.3008
2020-01-09,304.8878
2020-01-10,288.054
2020-01-11,320.9441
2020-01-12,305.7448
2020-01-13,215.5921
2020-01-14,136.2293
2020-01-15,137.7836
2020-01-16,140.4471
2020-01-17,132.1632
2020-01-18,151.5019
2020-01-19,152.5551
2020-01-20,131.4518
2020-01-21,87.2373
2020-01-22,323.5678
2020-01-23,295.4338
2020-01-24,318.7462
2020-01-25,308.0505
2020-01-26,312.6468
2020-01-27,303.6587
2020-01-28,302.7778
2020-01-29,298.7147
2020-01-30,301.7808
2020-01-31,288.788
2020-02-01,302.6504
2020-02-02,295.0322
2020-02-03,300.091
2020-02-04,310.0549
2020-02-05,284.3988
2020-02-06,305.1999
2020-02-07,130.5107
2020-02-08,266.7665
2020-02-09,243.3625
2020-02-10,296.1774
2020-02-11,290.9275
2020-02-12,301.0457
2020-02-13,300.7301
2020-02-14,107.3098
2020-02-15,43.4389
2020-02-16,349.6632
2020-02-17,336.1526
2020-02-18,321.8294
2020-02-19,305.5419
2020-02-20,352.6922
2020-02-21,323.7342
2020-02-22,301.6392
2020-02-23,183.1613
2020-02-24,120.3942
2020-02-25,95.9547
2020-02-26,5.8367
2020-02-27,324.1364
2020-02-28,315.5066
2020-02-29,282.0838
2020-03-01,84.3955
2020-03-02,357.8634
2020-03-03,326.4579
2020-03-04,182.9628
2020-03-05,122.8667
2020-03-06,96.0333
2020-03-07,18.4364
2020-03-08,358.2432
2020-03-09,333.2738
2020-03-10,253.9005
2020-03-11,186.9047
2020-03-12,161.9522
2020-03-13,121.5174
2020-03-14,19.6904
2020-03-15,22.9997
2020-03-16,233.9713
2020-03-17,160.5404
2020-03-18,227.3002
2020-03-19,304.6278
2020-03-20,253.5224
2020-03-21,347.1043
2020-03-22,308.4644
2020-03-23,303.8836
2020-03-24,250.6542
2020-03-25,306.4127
2020-03-26,307.8733
2020-03-27,273.5031
2020-03-28,182.6996
2020-03-29,135.8695
2020-03-30,91.6156
2020-03-31,117.1481
2020-04-01,186.6637
2020-04-02,177.0947
2020-04-03,138.9996
2020-04-04,83.1172
2020-04-05,41.6037
2020-04-06,29.03
2020-04-07,317.5565
2020-04-08,263.8858
2020-04-09,215.6631
2020-04-10,200.6485
2020-04-11,340.415
2020-04-12,342.6245
2020-04-13,293.5404
2020-04-14,253.1887
2020-04-15,246.8045
2020-04-16,279.532
2020-04-17,305.7405
2020-04-18,310.4761
2020-04-19,301.1063
2020-04-20,300.143
2020-04-21,311.8799
2020-04-22,313.7402
2020-04-23,331.3433
2020-04-24,300.227
2020-04-25,292.0316
2020-04-26,313.6921
2020-04-27,307.163
2020-04-28,263.864
2020-04-29,342.2897
2020-04-30,307.3356
2020-05-01,311.7017
2020-05-02,341.3247
2020-05-03,349.5026
2020-05-04,319.7138
2020-05-05,245.2702
2020-05-06,224.692
2020-05-07,291.5833
2020-05-08,282.3136
2020-05-09,3.9757
2020-05-10,7.4779
2020-05-11,24.4336
2020-05-12,30.1119
2020-05-13,53.0176
2020-05-14,4.0578
2020-05-15,55.1238
2020-05-16,144.6374
2020-05-17,110.7808
2020-05-18,143.3028
2020-05-19,158.1611
2020-05-20,37.9439
2020-05-21,333.8275
2020-05-22,305.6161
2020-05-23,58.6259
2020-05-24,21.309
2020-05-25,209.4555
2020-05-26,164.1643
2020-05-27,141.3953
2020-05-28,99.9303
2020-05-29,308.8263
2020-05-30,132.207
2020-05-31,80.1694
2020-06-01,94.768
2020-06-02,277.9448
2020-06-03,342.8895
2020-06-04,329.6849
2020-06-05,195.3818
2020-06-06,272.4046
2020-06-07,271.9718
2020-06-08,284.1558
2020-06-09,273.2712
2020-06-10,311.96
2020-06-11,296.7159
2020-06-12,261.4232
2020-06-13,128.3985
2020-06-14,44.8185
2020-06-15,348.0485
2020-06-16,335.7318
2020-06-17,331.716
2020-06-18,79.9271
2020-06-19,80.8825
2020-06-20,131.8493
2020-06-21,130.6771
2020-06-22,106.7803
2020-06-23,42.4184
2020-06-24,88.5678
2020-06-25,103.7181
2020-06-26,84.2658
2020-06-27,65.7654
2020-06-28,323.4263
2020-06-29,50.085
2020-06-30,183.8845
2020-07-01,210.1985
2020-07-02,188.9717
2020-07-03,258.5925
2020-07-04,331.2526
2020-07-05,16.3259
2020-07-06,331.8588
2020-07-07,289.632
2020-07-08,215.71
2020-07-09,223.9027
2020-07-10,281.0862
2020-07-11,298.7647
2020-07-12,298.8218
2020-07-13,186.887
2020-07-14,96.5896
2020-07-15,127.3755
2020-07-16,103.0418
2020-07-17,96.7919
2020-07-18,94.985
2020-07-19,76.0087
2020-07-20,33.4833
2020-07-21,338.6604
2020-07-22,255.7829
2020-07-23,279.2613
2020-07-24,276.5753
2020-07-25,290.0265
2020-07-26,288.1611
2020-07-27,23.6551
2020-07-28,347.952
2020-07-29,349.1783
2020-07-30,5.0809
2020-07-31,34.0657
2020-08-01,42.8594
2020-08-02,31.9037
2020-08-03,3.3385
2020-08-04,316.239
2020-08-05,333.3908
2020-08-06,0.4174
2020-08-07,318.905
2020-08-08,199.7389
2020-08-09,291.5459
2020-08-10,295.3101
2020-08-11,345.4301
2020-08-12,169.0482
2020-08-13,280.8939
2020-08-14,128.2649
2020-08-15,144.3036
2020-08-16,134.8181
2020-08-17,78.7499
2020-08-18,42.3464
2020-08-19,36.8016
2020-08-20,332.2617
2020-08-21,297.4081
2020-08-22,292.1012
2020-08-23,37.8121
2020-08-24,322.4696
2020-08-25,247.9304
2020-08-26,246.9922
2020-08-27,257.7119
2020-08-28,306.7402
2020-08-29,305.0526
2020-08-30,295.0501
2020-08-31,302.1388
2020-09-01,278.3879
2020-09-02,174.2103
2020-09-03,171.4969
2020-09-04,323.3888
2020-09-05,301.3228
2020-09-06,305.5799
2020-09-07,175.2728
2020-09-08,324.496
2020-09-09,301.8203
2020-09-10,267.1095
2020-09-11,167.2004
2020-09-12,273.0874
2020-09-13,297.2376
2020-09-14,300.4288
2020-09-15,293.0846
2020-09-16,283.1342
2020-09-17,299.8998
2020-09-18,280.0703
2020-09-19,233.9931
2020-09-20,20.6641
2020-09-21,326.9527
2020-09-22,317.6236
2020-09-23,315.5491
2020-09-24,310.6737
2020-09-25,293.6521
2020-09-26,327.8837
2020-09-27,313.0931
2020-09-28,289.4365
2020-09-29,261.9504
2020-09-30,219.5722
2020-10-01,326.1885
2020-10-02,323.2495
2020-10-03,303.6514
2020-10-04,293.8725
2020-10-05,307.6229
2020-10-06,293.7661
2020-10-07,249.3359
2020-10-08,128.5152
2020-10-09,85.5669
2020-10-10,17.0497
2020-10-11,346.0996
2020-10-12,330.8628
2020-10-13,311.2459
2020-10-14,235.2677
2020-10-15,137.6279
2020-10-16,71.6895
2020-10-17,255.5363
2020-10-18,321.4136
2020-10-19,311.2192
2020-10-20,299.6368
2020-10-21,318.8028
2020-10-22,316.2432
2020-10-23,325.8991
2020-10-24,323.4039
2020-10-25,316.8022
2020-10-26,302.0511
2020-10-27,145.645
2020-10-28,97.6605
2020-10-29,357.2713
2020-10-30,329.0059
2020-10-31,313.5351
2020-11-01,290.4471
2020-11-02,234.3029
2020-11-03,59.5418
2020-11-04,332.7938
2020-11-05,354.8161
2020-11-06,249.0976
2020-11-07,321.6971
2020-11-08,219.9172
2020-11-09,147.487
2020-11-10,148.2453
2020-11-11,188.2115
2020-11-12,284.1187
2020-11-13,314.9537
2020-11-14,303.2019
2020-11-15,310.6702
2020-11-16,300.363
2020-11-17,308.0511
2020-11-18,241.7769
2020-11-19,196.5231
2020-11-20,283.6541
2020-11-21,297.7903
2020-11-22,209.414
2020-11-23,166.3426
2020-11-24,58.8032
2020-11-25,73.1264
2020-11-26,358.4987
2020-11-27,267.6234
2020-11-28,259.9261
2020-11-29,267.6246
2020-11-30,336.5249
2020-12-01,176.7043
2020-12-02,325.6495
2020-12-03,293.123
2020-12-04,294.2684
2020-12-05,293.9113
2020-12-06,302.548
2020-12-07,317.3809
2020-12-08,310.3128
2020-12-09,314.1333
2020-12-10,303.9413
2020-12-11,288.5813
2020-12-12,277.5115
2020-12-13,202.6214
2020-12-14,194.6607
2020-12-15,295.3792
2020-12-16,304.7469
2020-12-17,66.4604
2020-12-18,344.5029
2020-12-19,307.9369
2020-12-20,288.9791
2020-12-21,91.3292
2020-12-22,322.7015
2020-12-23,333.6096
2020-12-24,303.0877
2020-12-25,265.8314
2020-12-26,225.2381
2020-12-27,169.5416
2020-12-28,178.6566
2020-12-29,195.0078
2020-12-30,155.6654
2020-12-31,116.4621
2021-01-01,328.8452
2021-01-02,345.1797
2021-01-03,316.6022
2021-01-04,303.6669
2021-01-05,320.7586
2021-01-06,319.5564
2021-01-07,307.7647
2021-01-08,227.3678
2021-01-09,172.9225
2021-01-10,303.0251
2021-01-11,156.5753
2021-01-12,32.7745
2021-01-13,9.1484
2021-01-14,17.1859
2021-01-15,97.8072
2021-01-16,330.9067
2021-01-17,315.2536
2021-01-18,295.2268
2021-01-19,314.266
2021-01-20,298.0343
2021-01-21,288.9271
2021-01-22,296.4762
2021-01-23,296.8871
2021-01-24,297.3477
2021-01-25,293.7383
2021-01-26,317.0067
2021-01-27,307.9719
2021-01-28,278.2545
2021-01-29,183.8757
2021-01-30,153.2689
2021-01-31,93.5717
2021-02-01,63.4588
2021-02-02,111.3457
2021-02-03,109.3031
2021-02-04,156.9965
2021-02-05,156.3767
2021-02-06,131.1616
2021-02-07,43.9182
2021-02-08,333.875
2021-02-09,330.1484
2021-02-10,319.3206
2021-02-11,292.1121
2021-02-12,217.4674
2021-02-13,355.7696
2021-02-14,335.3483
2021-02-15,118.4258
2021-02-16,151.0599
2021-02-17,148.3412
2021-02-18,153.4299
2021-02-19,298.0085
2021-02-20,316.1136
2021-02-21,322.1482
2021-02-22,327.574
2021-02-23,335.1336
2021-02-24,325.2968
2021-02-25,338.6001
2021-02-26,87.2942
2021-02-27,38.9951
2021-02-28,43.6522
2021-03-01,39.7288
2021-03-02,356.5466
2021-03-03,320.6833
2021-03-04,310.8845
2021-03-05,319.8292
2021-03-06,326.9971
2021-03-07,287.3468
2021-03-08,236.5702
2021-03-09,318.7063
2021-03-10,312.9683
2021-03-11,175.6545
2021-03-12,156.8571
2021-03-13,105.2889
2021-03-14,356.5688
2021-03-15,327.8153
2021-03-16,293.2565
2021-03-17,161.6672
2021-03-18,143.9003
2021-03-19,115.841
2021-03-20,154.4392
2021-03-21,172.2533
2021-03-22,161.8965
2021-03-23,114.9888
2021-03-24,131.4369
2021-03-25,108.4405
2021-03-26,352.765
2021-03-27,347.0014
2021-03-28,340.6912
2021-03-29,319.8741
2021-03-30,358.6595
2021-03-31,86.1818
2021-04-01,170.5746
2021-04-02,254.4469
2021-04-03,261.7108
2021-04-04,301.8018
2021-04-05,292.8356
2021-04-06,259.5765
2021-04-07,125.0733
2021-04-08,336.4714
2021-04-09,358.6932
2021-04-10,22.0627
2021-04-11,315.7145
2021-04-12,336.1413
2021-04-13,304.8033
2021-04-14,268.8752
2021-04-15,297.4723
2021-04-16,291.8871
2021-04-17,226.6232
2021-04-18,292.1287
2021-04-19,299.6212
2021-04-20,348.9393
2021-04-21,211.9091
2021-04-22,297.2153
2021-04-23,321.2099
2021-04-24,288.6123
2021-04-25,280.2793
2021-04-26,284.5216
2021-04-27,224.9984
2021-04-28,86.4193
2021-04-29,299.7353
2021-04-30,270.4979
2021-05-01,183.7045
2021-05-02,224.2583
2021-05-03,290.2798
2021-05-04,297.3771
2021-05-05,296.046
2021-05-06,221.3078
2021-05-07,83.6586
2021-05-08,354.0835
2021-05-09,322.9104
2021-05-10,318.4036
2021-05-11,315.7228
2021-05-12,177.2592
2021-05-13,119.6779
2021-05-14,30.8903
2021-05-15,298.0953
2021-05-16,327.4757
2021-05-17,313.8006
2021-05-18,280.9593
2021-05-19,275.1848
2021-05-20,315.6051
2021-05-21,293.4184
2021-05-22,133.6342
2021-05-23,133.3699
2021-05-24,147.8648
2021-05-25,130.61
2021-05-26,78.1968
2021-05-27,7.1302
2021-05-28,340.035
2021-05-29,52.8306
2021-05-30,329.5869
2021-05-31,221.0643
2021-06-01,203.6584
2021-06-02,295.2602
2021-06-03,318.8941
2021-06-04,324.2405
2021-06-05,350.2865
2021-06-06,12.5366
2021-06-07,81.7044
2021-06-08,85.4398
2021-06-09,53.239
2021-06-10,315.3273
2021-06-11,38.4903
2021-06-12,329.8124
2021-06-13,347.2382
2021-06-14,352.5125
2021-06-15,320.0081
2021-06-16,293.3827
2021-06-17,254.3185
2021-06-18,164.6534
2021-06-19,99.2872
2021-06-20,109.1118
2021-06-21,175.8617
2021-06-22,189.4439
2021-06-23,198.606
2021-06-24,313.2697
2021-06-25,306.2066
2021-06-26,315.6543
2021-06-27,309.9983
2021-06-28,276.0821
2021-06-29,211.6831
2021-06-30,210.2646
2021-07-01,163.2335
2021-07-02,37.0606
2021-07-03,5.4399
2021-07-04,348.8762
2021-07-05,331.3861
2021-07-06,342.9518
2021-07-07,296.612
2021-07-08,243.2213
2021-07-09,264.6584
2021-07-10,245.8451
2021-07-11,168.2871
2021-07-12,106.2396
2021-07-13,167.6107
2021-07-14,300.8278
2021-07-15,304.3068
2021-07-16,344.8424
2021-07-17,334.0811
2021-07-18,320.1512
2021-07-19,247.6852
2021-07-20,312.8022
2021-07-21,355.1592
2021-07-22,291.364
2021-07-23,159.3977
2021-07-24,37.8759
2021-07-25,34.7322
2021-07-26,15.028
2021-07-27,279.3676
2021-07-28,283.6605
2021-07-29,327.9327
2021-07-30,24.3673
2021-07-31,76.5272
2021-08-01,75.0082
2021-08-02,343.5115
2021-08-03,202.9281
2021-08-04,212.2376
2021-08-05,11.0479
2021-08-06,337.6117
2021-08-07,271.6652
2021-08-08,262.7445
2021-08-09,200.1304
2021-08-10,261.6309
2021-08-11,286.046
2021-08-12,308.1733
2021-08-13,297.7338
2021-08-14,281.1575
2021-08-15,301.8479
2021-08-16,322.2508
2021-08-17,316.5175
2021-08-18,272.9739
2021-08-19,288.9789
2021-08-20,234.0418
2021-08-21,76.9559
2021-08-22,347.9927
2021-08-23,330.8917
2021-08-24,320.0724
2021-08-25,310.7269
2021-08-26,323.8415
2021-08-27,5.8556
2021-08-28,330.9558
2021-08-29,98.5352
2021-08-30,128.8119
2021-08-31,95.2179
2021-09-01,61.2541
2021-09-02,347.1366
2021-09-03,357.8126
2021-09-04,319.9815
2021-09-05,314.2217
2021-09-06,339.1367
2021-09-07,328.3866
2021-09-08,266.1067
2021-09-09,292.3384
2021-09-10,300.9811
2021-09-11,267.6554
2021-09-12,309.456
2021-09-13,311.0768
2021-09-14,183.6944
2021-09-15,93.3565
2021-09-16,149.2307
2021-09-17,149.967
2021-09-18,136.7534
2021-09-19,327.505
2021-09-20,298.7879
2021-09-21,309.8748
2021-09-22,333.6352
2021-09-23,355.7569
2021-09-24,296.1787
2021-09-25,310.6611
2021-09-26,263.0011
2021-09-27,155.6956
2021-09-28,191.2068
2021-09-29,286.2658
2021-09-30,264.7264
2021-10-01,296.0721
2021-10-02,298.9278
2021-10-03,318.6633
2021-10-04,0.12
2021-10-05,307.5766
2021-10-06,17.6287
2021-10-07,14.3261
2021-10-08,323.7149
2021-10-09,259.1842
2021-10-10,226.96
2021-10-11,303.3936
2021-10-12,272.4926
2021-10-13,214.6164
2021-10-14,194.7076
2021-10-15,293.434
2021-10-16,324.4722
2021-10-17,342.833
2021-10-18,306.8499
2021-10-19,284.9285
2021-10-20,135.7385
2021-10-21,99.7746
2021-10-22,100.8542
2021-10-23,61.0986
2021-10-24,10.975
2021-10-25,339.644
2021-10-26,320.3053
2021-10-27,303.9586
2021-10-28,29.0974
2021-10-29,287.1758
2021-10-30,318.6656
2021-10-31,294.4648
2021-11-01,298.163
2021-11-02,176.2565
2021-11-03,136.7593
2021-11-04,139.8459
2021-11-05,133.149
2021-11-06,146.0573
2021-11-07,141.2198
2021-11-08,300.8178
2021-11-09,303.9936
2021-11-10,302.3228
2021-11-11,330.843
2021-11-12,319.7259
2021-11-13,325.8849
2021-11-14,306.5434
2021-11-15,311.0723
2021-11-16,309.9487
2021-11-17,294.0346
2021-11-18,308.6408
2021-11-19,321.9018
2021-11-20,317.383
2021-11-21,338.4523
2021-11-22,234.0745
2021-11-23,141.5631
2021-11-24,123.9339
2021-11-25,335.2495
2021-11-26,290.9489
2021-11-27,277.4115
2021-11-28,302.0817
2021-11-29,298.7424
2021-11-30,275.2735
2021-12-01,135.4655
2021-12-02,72.6092
2021-12-03,4.844
2021-12-04,356.0309
2021-12-05,329.0139
2021-12-06,11.8105
2021-12-07,313.2335
2021-12-08,305.2167
2021-12-09,288.6742
2021-12-10,292.5918
2021-12-11,308.7029
2021-12-12,120.0751
2021-12-13,55.9188
2021-12-14,114.1727
2021-12-15,74.9809
2021-12-16,262.3299
2021-12-17,284.3649
2021-12-18,281.9287
2021-12-19,303.3123
2021-12-20,306.5026
2021-12-21,303.7955
2021-12-22,295.2963
2021-12-23,304.6404
2021-12-24,253.1157
2021-12-25,156.2891
2021-12-26,302.0953
2021-12-27,306.7909
2021-12-28,316.774
2021-12-29,174.727
2021-12-30,297.4992
2021-12-31,307.8295
2022-01-01,290.8163
2022-01-02,17.2186
2022-01-03,350.4711
2022-01-04,80.2043
2022-01-05,171.0478
2022-01-06,175.8688
2022-01-07,176.2753
2022-01-08,281.391
2022-01-09,304.4665
2022-01-10,294.1963
2022-01-11,301.7295
2022-01-12,278.4589
2022-01-13,155.9653
2022-01-14,130.6238
2022-01-15,112.2509
2022-01-16,100.6253
2022-01-17,127.2346
2022-01-18,204.2817
2022-01-19,299.0138
2022-01-20,249.5815
2022-01-21,224.2316
2022-01-22,310.2843
2022-01-23,253.2224
2022-01-24,72.1728
2022-01-25,331.4162
2022-01-26,306.4467
2022-01-27,193.9465
2022-01-28,137.2192
2022-01-29,325.524
2022-01-30,272.7495
2022-01-31,112.0221
2022-02-01,19.8281
2022-02-02,337.6911
2022-02-03,323.9585
2022-02-04,324.1679
2022-02-05,131.3112
2022-02-06,132.716
2022-02-07,116.7836
2022-02-08,106.8034
2022-02-09,62.421
2022-02-10,325.8088
2022-02-11,306.2798
2022-02-12,113.9903
2022-02-13,187.854
2022-02-14,182.8529
2022-02-15,221.8325
2022-02-16,264.9896
2022-02-17,89.5112
2022-02-18,334.2902
2022-02-19,318.9337
2022-02-20,176.4449
2022-02-21,63.41
2022-02-22,318.9399
2022-02-23,158.4389
2022-02-24,140.1536
2022-02-25,129.2304
2022-02-26,177.2783
2022-02-27,146.3585
2022-02-28,141.6133
2022-03-01,137.5562
2022-03-02,142.1296
2022-03-03,113.308
2022-03-04,339.2443
2022-03-05,340.7803
2022-03-06,327.2412
2022-03-07,215.1786
2022-03-08,45.4477
2022-03-09,50.148
2022-03-10,56.7742
2022-03-11,341.1399
2022-03-12,289.6661
2022-03-13,152.0317
2022-03-14,147.8769
2022-03-15,148.4011
2022-03-16,137.5986
2022-03-17,136.6238
2022-03-18,135.0136
2022-03-19,71.7595
2022-03-20,67.7306
2022-03-21,78.8863
2022-03-22,51.163
2022-03-23,49.5034
2022-03-24,161.4317
2022-03-25,197.7718
2022-03-26,191.2101
2022-03-27,171.552
2022-03-28,154.0204
2022-03-29,153.3184
2022-03-30,130.3955
2022-03-31,56.5388
2022-04-01,169.1772
2022-04-02,308.2501
2022-04-03,306.4388
2022-04-04,306.1618
2022-04-05,323.9405
2022-04-06,303.0429
2022-04-07,189.5296
2022-04-08,290.6224
2022-04-09,171.3103
2022-04-10,305.0984
2022-04-11,319.8586
2022-04-12,316.47
2022-04-13,176.156
2022-04-14,190.2899
2022-04-15,3.5715
2022-04-16,297.1685
2022-04-17,109.3259
2022-04-18,57.7577
2022-04-19,10.7731
2022-04-20,343.9468
2022-04-21,338.1082
2022-04-22,262.6686
2022-04-23,260.1466
2022-04-24,267.2219
2022-04-25,236.5703
2022-04-26,279.0213
2022-04-27,165.1782
2022-04-28,135.4866
2022-04-29,67.9416
2022-04-30,4.6738
2022-05-01,338.0221
2022-05-02,327.5778
2022-05-03,336.7185
2022-05-04,38.008
2022-05-05,356.0018
2022-05-06,323.8907
2022-05-07,339.1692
2022-05-08,309.8227
2022-05-09,306.5894
2022-05-10,179.0535
2022-05-11,163.5613
2022-05-12,131.2862
2022-05-13,338.4786
2022-05-14,297.5954
2022-05-15,300.4645
2022-05-16,312.6803
2022-05-17,311.4132
2022-05-18,314.6924
2022-05-19,313.6192
2022-05-20,282.3848
2022-05-21,268.2266
2022-05-22,273.3465
2022-05-23,270.4713
2022-05-24,282.0548
2022-05-25,241.528
2022-05-26,169.3908
2022-05-27,156.0998
2022-05-28,338.234
2022-05-29,25.5532
2022-05-30,39.545
2022-05-31,351.3458
2022-06-01,344.6563
2022-06-02,324.4762
2022-06-03,216.9973
2022-06-04,142.6576
2022-06-05,19.6432
2022-06-06,4.0286
2022-06-07,4.7455
2022-06-08,331.0697
2022-06-09,321.3543
2022-06-10,314.1255
2022-06-11,307.9856
2022-06-12,340.6967
2022-06-13,293.3519
2022-06-14,282.6524
2022-06-15,276.5195
2022-06-16,284.9331
2022-06-17,291.7444
2022-06-18,306.1946
2022-06-19,163.3878
2022-06-20,143.2758
2022-06-21,148.3645
2022-06-22,150.2326
2022-06-23,4.5561
2022-06-24,359.5915
2022-06-25,345.3843
2022-06-26,305.3025
2022-06-27,295.4084
2022-06-28,340.0713
2022-06-29,309.6857
2022-06-30,290.4445
2022-07-01,262.4865
2022-07-02,293.592
2022-07-03,288.4676
2022-07-04,298.1302
2022-07-05,325.3099
2022-07-06,175.4881
2022-07-07,45.5604
2022-07-08,15.6356
2022-07-09,293.0072
2022-07-10,124.1762
2022-07-11,91.9955
2022-07-12,44.2421
2022-07-13,293.5712
2022-07-14,267.1084
2022-07-15,188.9898
2022-07-16,234.4777
2022-07-17,314.138
2022-07-18,328.4925
2022-07-19,357.7225
2022-07-20,344.3918
2022-07-21,227.5176
2022-07-22,168.6114
2022-07-23,105.8926
2022-07-24,59.2824
2022-07-25,77.8394
2022-07-26,59.7637
2022-07-27,306.1708
2022-07-28,314.0155
2022-07-29,292.2208
2022-07-30,335.7413
2022-07-31,258.6485
2022-08-01,292.4999
2022-08-02,316.4221
2022-08-03,312.0354
2022-08-04,323.6997
2022-08-05,318.877
2022-08-06,326.8354
2022-08-07,297.7516
2022-08-08,141.071
2022-08-09,136.2542
2022-08-10,167.5952
2022-08-11,148.8807
2022-08-12,194.3681
2022-08-13,229.7217
2022-08-14,299.9764
2022-08-15,338.9546
2022-08-16,13.6635
2022-08-17,8.178
2022-08-18,9.541
2022-08-19,345.398
2022-08-20,332.0295
2022-08-21,310.9813
2022-08-22,343.7397
2022-08-23,287.8755
2022-08-24,298.8902
2022-08-25,36.0344
2022-08-26,185.7912
2022-08-27,186.537
2022-08-28,144.7609
2022-08-29,99.9027
2022-08-30,11.4242
2022-08-31,333.6589
2022-09-01,311.1646
2022-09-02,312.454
2022-09-03,311.745
2022-09-04,282.7379
2022-09-05,194.9987
2022-09-06,195.5102
2022-09-07,307.24
2022-09-08,83.0121
2022-09-09,97.472
2022-09-10,86.1365
2022-09-11,59.8932
2022-09-12,324.7611
2022-09-13,287.4811
2022-09-14,205.713
2022-09-15,296.5754
2022-09-16,196.1352
2022-09-17,319.743
2022-09-18,349.9537
2022-09-19,350.7308
2022-09-20,325.1918
2022-09-21,188.1871
2022-09-22,151.73
2022-09-23,136.4714
2022-09-24,223.7959
2022-09-25,140.3794
2022-09-26,61.0437
2022-09-27,9.9347
2022-09-28,341.722
2022-09-29,316.0902
2022-09-30,135.7095
2022-10-01,118.9706
2022-10-02,144.5577
2022-10-03,193.7319
2022-10-04,287.3195
2022-10-05,271.1596
2022-10-06,216.8342
2022-10-07,200.4226
2022-10-08,335.5765
2022-10-09,327.9917
2022-10-10,332.7743
2022-10-11,306.9304
2022-10-12,118.2657
2022-10-13,120.6095
2022-10-14,117.8824
2022-10-15,86.375
2022-10-16,300.2145
2022-10-17,297.8545
2022-10-18,287.061
2022-10-19,281.363
2022-10-20,284.2204
2022-10-21,186.2015
2022-10-22,176.0575
2022-10-23,307.6873
2022-10-24,245.5961
2022-10-25,115.9492
2022-10-26,307.6151
2022-10-27,317.226
2022-10-28,345.7926
2022-10-29,338.936
2022-10-30,326.4032
2022-10-31,312.9175
2022-11-01,313.6917
2022-11-02,326.3396
2022-11-03,320.5681
2022-11-04,294.7768
2022-11-05,242.9108
2022-11-06,67.5568
2022-11-07,322.6905
2022-11-08,102.2756
2022-11-09,95.9609
2022-11-10,128.4994
2022-11-11,98.4916
2022-11-12,326.5025
2022-11-13,293.1335
2022-11-14,113.7339
2022-11-15,348.3483
2022-11-16,339.3533
2022-11-17,29.4437
2022-11-18,66.814
2022-11-19,351.7664
2022-11-20,5.5963
2022-11-21,320.7076
2022-11-22,325.9093
2022-11-23,298.0079
2022-11-24,298.3308
2022-11-25,278.9984
2022-11-26,292.671
2022-11-27,309.7475
2022-11-28,274.6358
2022-11-29,310.0156
2022-11-30,298.5163
2022-12-01,233.4755
2022-12-02,212.3268
2022-12-03,189.259
2022-12-04,300.6899
2022-12-05,293.0889
2022-12-06,273.3132
2022-12-07,111.6325
2022-12-08,50.9718
2022-12-09,31.1465
2022-12-10,308.4444
2022-12-11,321.0221
2022-12-12,323.9718
2022-12-13,18.0575
2022-12-14,26.3802
2022-12-15,61.3953
2022-12-16,322.3184
2022-12-17,326.8582
2022-12-18,169.0027
2022-12-19,133.1409
2022-12-20,109.7322
2022-12-21,120.7446
2022-12-22,122.4319
2022-12-23,322.9942
2022-12-24,285.7456
2022-12-25,314.1107
2022-12-26,116.4862
2022-12-27,135.6939
2022-12-28,116.8693
2022-12-29,321.9958
2022-12-30,195.5853
2022-12-31,135.0551
2023-01-01,115.993
2023-01-02,96.0933
2023-01-03,66.0732
2023-01-04,62.3851
2023-01-05,50.6407
2023-01-06,30.5608
2023-01-07,136.5607
2023-01-08,137.8176
2023-01-09,122.0781
2023-01-10,114.1306
2023-01-11,156.4703
2023-01-12,170.7441
2023-01-13,140.8566
2023-01-14,123.6839
2023-01-15,104.9178
2023-01-16,357.68
2023-01-17,10.7311
2023-01-18,108.1872
2023-01-19,113.1343
2023-01-20,295.6361
2023-01-21,178.9843
2023-01-22,314.1022
2023-01-23,164.4371
2023-01-24,105.4745
2023-01-25,44.9736
2023-01-26,359.8177
2023-01-27,36.0454
2023-01-28,116.7836
2023-01-29,36.9939
2023-01-30,41.9609
2023-01-31,62.3717
2023-02-01,53.567
2023-02-02,357.6118
2023-02-03,342.7956
2023-02-04,329.3233
2023-02-05,336.4851
2023-02-06,304.8854
2023-02-07,296.8222
2023-02-08,282.2125
2023-02-09,209.5681
2023-02-10,79.799
2023-02-11,73.4859
2023-02-12,101.8649
2023-02-13,123.7663
2023-02-14,157.6539
2023-02-15,205.2566
2023-02-16,192.7273
2023-02-17,195.5972
2023-02-18,70.9337
2023-02-19,313.393
2023-02-20,315.0182
2023-02-21,308.7886
2023-02-22,248.7704
2023-02-23,158.6704
2023-02-24,124.67
2023-02-25,137.847
2023-02-26,313.5018
2023-02-27,144.4282
2023-02-28,159.988
2023-03-01,287.0547
2023-03-02,314.0337
2023-03-03,318.1886
2023-03-04,225.472
2023-03-05,150.2376
2023-03-06,146.0433
2023-03-07,307.5872
2023-03-08,305.2256
2023-03-09,311.1442
2023-03-10,297.9954
2023-03-11,268.8046
2023-03-12,312.6167
2023-03-13,276.3921
2023-03-14,220.5272
2023-03-15,8.6595
2023-03-16,351.863
2023-03-17,324.2982
2023-03-18,240.5815
2023-03-19,332.7216
2023-03-20,312.2952
2023-03-21,273.2577
2023-03-22,223.845
2023-03-23,201.161
2023-03-24,294.3563
2023-03-25,300.2052
2023-03-26,302.829
2023-03-27,313.7318
2023-03-28,244.189
2023-03-29,186.5804
2023-03-30,216.0866
2023-03-31,319.5249
2023-04-01,348.6634
2023-04-02,297.5419
2023-04-03,202.3676
2023-04-04,235.3436
2023-04-05,303.8712
2023-04-06,293.9766
2023-04-07,136.9689
2023-04-08,118.1392
2023-04-09,53.8544
2023-04-10,358.7542
2023-04-11,336.6146
2023-04-12,308.2994
2023-04-13,126.9786
2023-04-14,109.0072
2023-04-15,86.415
2023-04-16,62.197
2023-04-17,41.386
2023-04-18,351.695
2023-04-19,338.0812
2023-04-20,330.4034
2023-04-21,345.9442
2023-04-22,56.6507
2023-04-23,307.7709
2023-04-24,219.561
2023-04-25,284.7825
2023-04-26,239.1866
2023-04-27,180.0859
2023-04-28,72.4699
2023-04-29,24.1367
2023-04-30,59.475
2023-05-01,69.4875
2023-05-02,4.3713
2023-05-03,354.4732
2023-05-04,21.8825
2023-05-05,27.5733
2023-05-06,358.8924
2023-05-07,30.3667
2023-05-08,18.8967
2023-05-09,5.1985
2023-05-10,302.516
2023-05-11,239.2103
2023-05-12,221.7597
2023-05-13,245.8402
2023-05-14,301.9762
2023-05-15,262.335
2023-05-16,227.0148
2023-05-17,296.1446
2023-05-18,18.6335
2023-05-19,59.6536
2023-05-20,84.7973
2023-05-21,274.6304
2023-05-22,320.7573
2023-05-23,183.9262
2023-05-24,177.7793
2023-05-25,329.4992
2023-05-26,317.0746
2023-05-27,331.2412
2023-05-28,20.3197
2023-05-29,25.3532
2023-05-30,328.152
2023-05-31,295.113
2023-06-01,305.0449
2023-06-02,286.8929
2023-06-03,267.4344
2023-06-04,325.9752
2023-06-05,149.994
2023-06-06,135.2414
2023-06-07,133.8871
2023-06-08,116.2648
2023-06-09,109.3009
2023-06-10,81.5523
2023-06-11,316.663
2023-06-12,219.2387
2023-06-13,202.5062
2023-06-14,186.9772
2023-06-15,27.4016
2023-06-16,58.5418
2023-06-17,93.765
2023-06-18,77.3204
2023-06-19,60.2359
2023-06-20,40.3202
2023-06-21,58.2982
2023-06-22,70.9403
2023-06-23,93.3606
2023-06-24,74.9593
2023-06-25,68.5308
2023-06-26,16.5998
2023-06-27,261.7686
2023-06-28,253.6663
2023-06-29,271.9868
2023-06-30,274.9408
2023-07-01,279.4355
2023-07-02,258.4277
2023-07-03,251.7678
2023-07-04,273.4688
2023-07-05,271.6719
2023-07-06,195.0632
2023-07-07,46.2594
2023-07-08,60.3163
2023-07-09,82.0588
2023-07-10,238.775
2023-07-11,245.0754
2023-07-12,271.2536
2023-07-13,276.8381
2023-07-14,279.1389
2023-07-15,291.1161
2023-07-16,292.7417
2023-07-17,272.986
2023-07-18,292.1371
2023-07-19,305.3311
2023-07-20,92.1771
2023-07-21,121.2505
2023-07-22,167.2809
2023-07-23,253.5112
2023-07-24,210.4906
2023-07-25,272.832
2023-07-26,217.1956
2023-07-27,249.4979
2023-07-28,196.4048
2023-07-29,296.9976
2023-07-30,321.2032
2023-07-31,319.6018
2023-08-01,309.7283
2023-08-02,246.6172
2023-08-03,216.6051
2023-08-04,261.9531
2023-08-05,155.7009
2023-08-06,325.3296
2023-08-07,303.6398
2023-08-08,237.4514
2023-08-09,277.015
2023-08-10,220.6883
2023-08-11,226.385
2023-08-12,320.8941
2023-08-13,323.1916
2023-08-14,317.1791
2023-08-15,318.7283
2023-08-16,309.7481
2023-08-17,222.4666
2023-08-18,310.2672
2023-08-19,0.4079
2023-08-20,316.7216
2023-08-21,213.2427
2023-08-22,190.7415
2023-08-23,66.1146
2023-08-24,37.1192
2023-08-25,114.8306
2023-08-26,309.7248
2023-08-27,227.768
2023-08-28,197.4386
2023-08-29,286.172
2023-08-30,324.3806
2023-08-31,317.5029
2023-09-01,322.6777
2023-09-02,204.4869
2023-09-03,94.3447
2023-09-04,80.9294
2023-09-05,40.2394
2023-09-06,343.279
2023-09-07,304.9756
2023-09-08,66.3715
2023-09-09,29.9801
2023-09-10,359.1714
2023-09-11,341.1982
2023-09-12,289.7332
2023-09-13,286.6976
2023-09-14,296.8051
2023-09-15,245.5525
2023-09-16,306.9678
2023-09-17,305.9136
2023-09-18,284.2486
2023-09-19,300.319
2023-09-20,317.6108
2023-09-21,318.102
2023-09-22,336.6612
2023-09-23,332.6822
2023-09-24,147.0638
2023-09-25,140.048
2023-09-26,179.0375
2023-09-27,219.8762
2023-09-28,265.5537
2023-09-29,284.1359
2023-09-30,222.4835
2023-10-01,294.225
2023-10-02,295.4908
2023-10-03,203.753
2023-10-04,307.7647
2023-10-05,320.5059
2023-10-06,321.5905
2023-10-07,258.8303
2023-10-08,158.371
2023-10-09,280.7731
2023-10-10,252.5369
2023-10-11,296.3129
2023-10-12,289.8436
2023-10-13,313.6075
2023-10-14,312.6073
2023-10-15,306.4759
2023-10-16,307.1714
2023-10-17,307.3923
2023-10-18,323.4342
2023-10-19,317.1832
2023-10-20,286.5651
2023-10-21,200.6602
2023-10-22,154.9213
2023-10-23,76.043
2023-10-24,336.0594
2023-10-25,308.8871
2023-10-26,308.272
2023-10-27,259.9512
2023-10-28,170.5873
2023-10-29,94.1255
2023-10-30,84.5512
2023-10-31,88.2804
2023-11-01,317.2497
2023-11-02,316.0076
2023-11-03,322.5516
2023-11-04,305.9117
2023-11-05,262.9863
2023-11-06,172.8543
2023-11-07,163.9693
2023-11-08,188.1401
2023-11-09,184.1038
2023-11-10,155.8408
2023-11-11,277.093
2023-11-12,310.6913
2023-11-13,295.3314
2023-11-14,314.7774
2023-11-15,294.007
2023-11-16,307.88
2023-11-17,310.7778
2023-11-18,57.6904
2023-11-19,133.1587
2023-11-20,149.6042
2023-11-21,132.3436
2023-11-22,79.4629
2023-11-23,304.4778
2023-11-24,188.5473
2023-11-25,158.1713
2023-11-26,193.0267
2023-11-27,310.4963
2023-11-28,299.4677
2023-11-29,199.2892
2023-11-30,302.6513
2023-12-01,137.6095
2023-12-02,1.0663
2023-12-03,328.6111
2023-12-04,153.242
2023-12-05,104.7573
2023-12-06,329.1209
2023-12-07,254.0568
2023-12-08,100.3916
2023-12-09,317.4004
2023-12-10,279.953
2023-12-11,324.9552
2023-12-12,255.9747
2023-12-13,265.3794
2023-12-14,278.6684
2023-12-15,307.8006
2023-12-16,304.1042
2023-12-17,307.6077
2023-12-18,259.3707
2023-12-19,334.8382
2023-12-20,319.6185
2023-12-21,289.9172
2023-12-22,106.7027
2023-12-23,1.6091
2023-12-24,340.0399
2023-12-25,302.3663
2023-12-26,297.1771
2023-12-27,153.0377
2023-12-28,52.767
2023-12-29,333.2394
2023-12-30,313.6714
2023-12-31,312.1956
2024-01-01,266.8457
2024-01-02,317.6539
2024-01-03,322.3389
2024-01-04,314.2289
2024-01-05,296.0936
2024-01-06,170.4133
2024-01-07,126.7791
2024-01-08,328.0666
2024-01-09,299.1097
2024-01-10,63.1857
2024-01-11,316.1064
2024-01-12,295.6247
2024-01-13,316.2046
2024-01-14,303.8757
2024-01-15,280.7682
2024-01-16,99.894
2024-01-17,344.2696
2024-01-18,347.5142
2024-01-19,339.4424
2024-01-20,322.9222
2024-01-21,336.8147
2024-01-22,353.5256
2024-01-23,290.6507
2024-01-24,231.8683
2024-01-25,100.9224
2024-01-26,13.9305
2024-01-27,315.0592
2024-01-28,322.4727
2024-01-29,188.6427
2024-01-30,169.4845
2024-01-31,173.795
2024-02-01,293.0277
2024-02-02,306.6821
2024-02-03,271.359
2024-02-04,294.7251
2024-02-05,315.5759
2024-02-06,314.6947
2024-02-07,291.5586
2024-02-08,283.6136
2024-02-09,93.9248
2024-02-10,303.1488
2024-02-11,202.9641
2024-02-12,279.5267
2024-02-13,321.3911
2024-02-14,319.1638
2024-02-15,303.5836
2024-02-16,304.8522
2024-02-17,307.2631
2024-02-18,311.6695
2024-02-19,299.0141
2024-02-20,206.7366
2024-02-21,140.8416
2024-02-22,355.5463
2024-02-23,315.1907
2024-02-24,311.4216
2024-02-25,259.7528
2024-02-26,342.8824
2024-02-27,290.4804
2024-02-28,192.3595
2024-02-29,150.3288
2024-03-01,309.5055
2024-03-02,306.0364
2024-03-03,308.6428
2024-03-04,318.7352
2024-03-05,275.443
2024-03-06,216.7551
2024-03-07,308.9905
2024-03-08,247.4477
2024-03-09,209.3222
2024-03-10,308.0338
2024-03-11,279.5338
2024-03-12,340.499
2024-03-13,248.0474
2024-03-14,314.7132
2024-03-15,267.0065
2024-03-16,232.7007
2024-03-17,292.6988
2024-03-18,218.0487
2024-03-19,155.5542
2024-03-20,128.4094
2024-03-21,356.0566
2024-03-22,4.9677
2024-03-23,347.1749
2024-03-24,315.8936
2024-03-25,300.57
2024-03-26,295.814
2024-03-27,289.6613
2024-03-28,283.7086
2024-03-29,209.4827
2024-03-30,181.6334
2024-03-31,175.3639
2024-04-01,186.0047
2024-04-02,100.8183
2024-04-03,331.5012
2024-04-04,308.034
2024-04-05,166.6377
2024-04-06,142.2101
2024-04-07,103.3076
2024-04-08,354.2145
2024-04-09,338.066
2024-04-10,339.2725
2024-04-11,18.5104
2024-04-12,21.0753
2024-04-13,282.2356
2024-04-14,192.505
2024-04-15,300.5093
2024-04-16,286.1693
2024-04-17,281.3373
2024-04-18,305.0643
2024-04-19,296.7706
2024-04-20,52.8904
2024-04-21,177.7617
2024-04-22,209.1834
2024-04-23,274.2918
2024-04-24,310.7909
2024-04-25,317.5655
2024-04-26,290.0383
2024-04-27,278.4192
2024-04-28,16.7802
2024-04-29,12.9212
2024-04-30,331.101
2024-05-01,287.2114
2024-05-02,244.332
2024-05-03,208.0837
2024-05-04,58.8613
2024-05-05,334.9819
2024-05-06,275.251
2024-05-07,156.0238
2024-05-08,89.223
2024-05-09,180.4825
2024-05-10,197.7028
2024-05-11,203.6237
2024-05-12,290.7572
2024-05-13,248.0689
2024-05-14,346.4572
2024-05-15,22.9603
2024-05-16,272.233
2024-05-17,325.1517
2024-05-18,291.9547
2024-05-19,89.0368
2024-05-20,78.6901
2024-05-21,120.5981
2024-05-22,157.4702
2024-05-23,160.8771
2024-05-24,209.3643
2024-05-25,275.3342
2024-05-26,242.8601
2024-05-27,267.8553
2024-05-28,285.3883
2024-05-29,240.8224
2024-05-30,262.9748
2024-05-31,299.5617
2024-06-01,300.9726
2024-06-02,279.3768
2024-06-03,260.0451
2024-06-04,149.5499
2024-06-05,87.9058
2024-06-06,313.5864
2024-06-07,308.4796
2024-06-08,96.6905
2024-06-09,355.1009
2024-06-10,307.6396
2024-06-11,274.7758
2024-06-12,349.5132
2024-06-13,25.4657
2024-06-14,48.281
2024-06-15,311.8708
2024-06-16,352.538
2024-06-17,81.155
2024-06-18,119.2951
2024-06-19,99.8035
2024-06-20,83.4548
2024-06-21,63.3998
2024-06-22,19.1729
2024-06-23,45.4185
2024-06-24,82.5012
2024-06-25,124.9926
2024-06-26,149.1353
2024-06-27,135.2355
2024-06-28,340.9197
2024-06-29,256.7201
2024-06-30,319.6932
2024-07-01,326.5891
2024-07-02,258.9611
2024-07-03,203.5995
2024-07-04,190.2973
2024-07-05,289.3999
2024-07-06,224.7672
2024-07-07,269.0136
2024-07-08,211.1463
2024-07-09,60.4859
2024-07-10,317.1344
2024-07-11,164.7575
2024-07-12,144.128
2024-07-13,108.5477
2024-07-14,84.7995
2024-07-15,66.7952
2024-07-16,350.7791
2024-07-17,42.8601
2024-07-18,86.1138
2024-07-19,41.5281
2024-07-20,1.1606
2024-07-21,258.4842
2024-07-22,195.8363
2024-07-23,237.0695
2024-07-24,257.7427
2024-07-25,303.4273
2024-07-26,323.1421
2024-07-27,311.2757
2024-07-28,333.3638
2024-07-29,351.4321
2024-07-30,265.0483
2024-07-31,142.2973
2024-08-01,138.5321
2024-08-02,141.4467
2024-08-03,140.5096
2024-08-04,340.5791
2024-08-05,308.128
2024-08-06,321.7396
2024-08-07,346.8517
2024-08-08,345.8242
2024-08-09,172.0717
2024-08-10,141.7534
2024-08-11,315.8761
2024-08-12,259.2864
2024-08-13,205.7409
2024-08-14,308.1766
2024-08-15,302.434
2024-08-16,292.6202
2024-08-17,322.7221
2024-08-18,303.9116
2024-08-19,249.1759
2024-08-20,273.7367
2024-08-21,309.0116
2024-08-22,336.3459
2024-08-23,340.6284
2024-08-24,307.7872
2024-08-25,306.0202
2024-08-26,335.9765
2024-08-27,327.4762
2024-08-28,304.2893
2024-08-29,317.263
2024-08-30,303.8755
2024-08-31,336.5915
2024-09-01,315.0515
2024-09-02,324.37
2024-09-03,315.2442
2024-09-04,193.3877
2024-09-05,302.1064
2024-09-06,296.9242
2024-09-07,300.2157
2024-09-08,281.6252
2024-09-09,308.7756
2024-09-10,290.9265
2024-09-11,247.5143
2024-09-12,294.2754
2024-09-13,325.6988
2024-09-14,245.5792
2024-09-15,245.7186
2024-09-16,318.4889
2024-09-17,219.7154
2024-09-18,279.5941
2024-09-19,300.2028
2024-09-20,308.1742
2024-09-21,298.8937
2024-09-22,318.1495
2024-09-23,297.9414
2024-09-24,280.9928
2024-09-25,261.2042
2024-09-26,307.1633
2024-09-27,254.2429
2024-09-28,284.7794
2024-09-29,266.2274
2024-09-30,345.076
2024-10-01,328.199
2024-10-02,346.1869
2024-10-03,24.7165
2024-10-04,171.4445
2024-10-05,342.7946
2024-10-06,320.4618
2024-10-07,308.8332
2024-10-08,309.8222
2024-10-09,281.5015
2024-10-10,179.6235
2024-10-11,326.2986
2024-10-12,293.8555
2024-10-13,215.8915
2024-10-14,190.3768
2024-10-15,192.2912
2024-10-16,157.778
2024-10-17,44.336
2024-10-18,341.4553
2024-10-19,52.9309
2024-10-20,4.1883
2024-10-21,294.7341
2024-10-22,288.1758
2024-10-23,308.3684
2024-10-24,311.5313
2024-10-25,317.2318
2024-10-26,2.1571
2024-10-27,307.1122
2024-10-28,294.1944
2024-10-29,306.2682
2024-10-30,290.4438
2024-10-31,296.1688
2024-11-01,293.5633
2024-11-02,293.301
2024-11-03,192.1622
2024-11-04,322.1589
2024-11-05,289.5061
2024-11-06,282.2941
2024-11-07,329.8361
2024-11-08,323.3085
2024-11-09,311.56
2024-11-10,316.5409
2024-11-11,252.8372
2024-11-12,68.5669
2024-11-13,38.5332
2024-11-14,13.2993
2024-11-15,321.3089
2024-11-16,191.7552
2024-11-17,143.4672
2024-11-18,40.8731
2024-11-19,334.7957
2024-11-20,296.9177
2024-11-21,251.6538
2024-11-22,253.227
2024-11-23,241.4537
2024-11-24,322.3258
2024-11-25,301.1249
2024-11-26,301.1459
2024-11-27,331.6316
2024-11-28,303.9923
2024-11-29,185.9251
2024-11-30,126.4418
2024-12-01,317.4301
2024-12-02,311.5253
2024-12-03,303.8577
2024-12-04,301.76
2024-12-05,293.1725
2024-12-06,207.1727
2024-12-07,316.6689
2024-12-08,327.3789
2024-12-09,306.579
2024-12-10,297.139
2024-12-11,306.4578
2024-12-12,336.8643
2024-12-13,294.9869
2024-12-14,296.5674
2024-12-15,302.2155
2024-12-16,266.8451
2024-12-17,152.0139
2024-12-18,142.9349
2024-12-19,159.078
2024-12-20,206.8372
2024-12-21,340.2634
2024-12-22,313.8779
2024-12-23,300.5638
2024-12-24,316.1939
2024-12-25,338.4745
2024-12-26,148.2644
2024-12-27,175.9638
2024-12-28,180.5359
2024-12-29,303.605
2024-12-30,238.3603
2024-12-31,185.2729
