DATE,Avg_T2M
2015-01-01,15.8423
2015-01-02,16.0723
2015-01-03,16.2531
2015-01-04,17.9308
2015-01-05,17.56
2015-01-06,17.2546
2015-01-07,16.9577
2015-01-08,15.5746
2015-01-09,17.1562
2015-01-10,17.9962
2015-01-11,17.5262
2015-01-12,18.1085
2015-01-13,17.8131
2015-01-14,17.6454
2015-01-15,19.39
2015-01-16,19.33
2015-01-17,19.5608
2015-01-18,18.5738
2015-01-19,17.9292
2015-01-20,17.0292
2015-01-21,15.8677
2015-01-22,15.9746
2015-01-23,18.0
2015-01-24,19.0254
2015-01-25,19.4246
2015-01-26,19.4423
2015-01-27,18.3223
2015-01-28,19.68
2015-01-29,19.7892
2015-01-30,19.0431
2015-01-31,19.8292
2015-02-01,19.4677
2015-02-02,19.6146
2015-02-03,18.1038
2015-02-04,16.6908
2015-02-05,15.2815
2015-02-06,13.4023
2015-02-07,14.4777
2015-02-08,17.6838
2015-02-09,16.9246
2015-02-10,14.5677
2015-02-11,15.6754
2015-02-12,16.9454
2015-02-13,16.3762
2015-02-14,14.1754
2015-02-15,13.5969
2015-02-16,14.7062
2015-02-17,16.3185
2015-02-18,17.3469
2015-02-19,17.6654
2015-02-20,18.0654
2015-02-21,17.6838
2015-02-22,17.9108
2015-02-23,17.8692
2015-02-24,17.6892
2015-02-25,16.94
2015-02-26,15.0569
2015-02-27,16.34
2015-02-28,17.1731
2015-03-01,18.7038
2015-03-02,18.5069
2015-03-03,18.0754
2015-03-04,18.0854
2015-03-05,19.0362
2015-03-06,17.8638
2015-03-07,16.7785
2015-03-08,16.06
2015-03-09,16.3577
2015-03-10,17.2762
2015-03-11,16.6146
2015-03-12,16.9685
2015-03-13,17.1108
2015-03-14,16.9654
2015-03-15,17.4915
2015-03-16,15.6915
2015-03-17,12.8762
2015-03-18,12.1054
2015-03-19,11.7954
2015-03-20,12.7315
2015-03-21,14.5569
2015-03-22,14.7992
2015-03-23,15.3038
2015-03-24,15.9069
2015-03-25,16.5631
2015-03-26,16.7785
2015-03-27,15.9662
2015-03-28,16.9085
2015-03-29,16.5831
2015-03-30,15.7023
2015-03-31,15.1838
2015-04-01,15.4846
2015-04-02,16.0831
2015-04-03,16.3308
2015-04-04,16.2046
2015-04-05,15.0262
2015-04-06,16.6131
2015-04-07,17.5238
2015-04-08,17.0085
2015-04-09,14.9523
2015-04-10,15.6246
2015-04-11,13.0238
2015-04-12,13.7762
2015-04-13,11.2462
2015-04-14,8.2238
2015-04-15,9.8015
2015-04-16,10.4946
2015-04-17,12.4431
2015-04-18,12.3431
2015-04-19,13.2808
2015-04-20,14.1538
2015-04-21,13.9992
2015-04-22,13.5254
2015-04-23,13.2938
2015-04-24,13.4546
2015-04-25,13.5869
2015-04-26,14.3146
2015-04-27,15.0177
2015-04-28,12.1531
2015-04-29,11.8654
2015-04-30,10.2623
2015-05-01,11.7838
2015-05-02,12.6715
2015-05-03,12.2046
2015-05-04,11.7992
2015-05-05,13.73
2015-05-06,15.2662
2015-05-07,15.7562
2015-05-08,14.0285
2015-05-09,12.95
2015-05-10,13.8754
2015-05-11,13.9715
2015-05-12,12.6708
2015-05-13,12.5146
2015-05-14,12.8354
2015-05-15,11.7508
2015-05-16,10.4885
2015-05-17,10.2446
2015-05-18,11.3646
2015-05-19,9.9192
2015-05-20,9.8238
2015-05-21,12.35
2015-05-22,9.4508
2015-05-23,9.3646
2015-05-24,9.4562
2015-05-25,6.8238
2015-05-26,7.4138
2015-05-27,7.5954
2015-05-28,7.9038
2015-05-29,7.9823
2015-05-30,9.2677
2015-05-31,10.4615
2015-06-01,10.8585
2015-06-02,12.7423
2015-06-03,11.1462
2015-06-04,9.2146
2015-06-05,7.2154
2015-06-06,8.4269
2015-06-07,9.65
2015-06-08,10.9146
2015-06-09,12.5492
2015-06-10,12.1085
2015-06-11,9.1846
2015-06-12,9.6046
2015-06-13,9.4677
2015-06-14,10.9231
2015-06-15,7.97
2015-06-16,7.0715
2015-06-17,7.6031
2015-06-18,9.7354
2015-06-19,11.5631
2015-06-20,10.9554
2015-06-21,8.9608
2015-06-22,5.6015
2015-06-23,5.4438
2015-06-24,6.3946
2015-06-25,6.3469
2015-06-26,9.01
2015-06-27,8.4262
2015-06-28,9.2615
2015-06-29,10.1877
2015-06-30,10.2115
2015-07-01,9.9792
2015-07-02,9.5123
2015-07-03,9.4192
2015-07-04,9.3046
2015-07-05,9.2115
2015-07-06,9.2054
2015-07-07,7.1215
2015-07-08,5.1962
2015-07-09,4.4477
2015-07-10,5.0015
2015-07-11,5.1562
2015-07-12,5.77
2015-07-13,5.6608
2015-07-14,6.3692
2015-07-15,9.3177
2015-07-16,9.6631
2015-07-17,8.7731
2015-07-18,8.1231
2015-07-19,6.0685
2015-07-20,6.8238
2015-07-21,7.9523
2015-07-22,8.2969
2015-07-23,7.6846
2015-07-24,8.9031
2015-07-25,8.4208
2015-07-26,9.3685
2015-07-27,11.2846
2015-07-28,10.1838
2015-07-29,7.8831
2015-07-30,5.8915
2015-07-31,7.9608
2015-08-01,9.5654
2015-08-02,10.2692
2015-08-03,10.9262
2015-08-04,11.0577
2015-08-05,8.4808
2015-08-06,9.2123
2015-08-07,8.2254
2015-08-08,6.0385
2015-08-09,5.0785
2015-08-10,4.7985
2015-08-11,5.5485
2015-08-12,5.6392
2015-08-13,6.8415
2015-08-14,8.5831
2015-08-15,9.3708
2015-08-16,8.5454
2015-08-17,8.3177
2015-08-18,9.4269
2015-08-19,9.37
2015-08-20,7.7015
2015-08-21,7.2677
2015-08-22,7.7685
2015-08-23,9.2631
2015-08-24,10.2015
2015-08-25,9.8585
2015-08-26,8.27
2015-08-27,7.3869
2015-08-28,9.2085
2015-08-29,9.8846
2015-08-30,11.0938
2015-08-31,8.5862
2015-09-01,8.9108
2015-09-02,10.4885
2015-09-03,8.7615
2015-09-04,8.8408
2015-09-05,8.7269
2015-09-06,7.6715
2015-09-07,6.2669
2015-09-08,7.8254
2015-09-09,9.7662
2015-09-10,9.8254
2015-09-11,7.23
2015-09-12,6.7492
2015-09-13,9.4462
2015-09-14,7.8523
2015-09-15,10.8631
2015-09-16,11.4723
2015-09-17,12.13
2015-09-18,11.4215
2015-09-19,8.4192
2015-09-20,7.8738
2015-09-21,7.37
2015-09-22,9.3585
2015-09-23,10.6338
2015-09-24,10.1362
2015-09-25,9.1169
2015-09-26,8.43
2015-09-27,8.5338
2015-09-28,9.1377
2015-09-29,9.7869
2015-09-30,10.7362
2015-10-01,11.8062
2015-10-02,11.6177
2015-10-03,11.5092
2015-10-04,11.9677
2015-10-05,10.86
2015-10-06,11.8708
2015-10-07,12.5562
2015-10-08,10.0738
2015-10-09,9.5192
2015-10-10,10.9638
2015-10-11,11.6808
2015-10-12,12.8569
2015-10-13,11.6208
2015-10-14,10.9623
2015-10-15,11.7069
2015-10-16,12.3285
2015-10-17,12.0185
2015-10-18,12.2438
2015-10-19,10.9646
2015-10-20,11.2415
2015-10-21,12.5738
2015-10-22,12.0992
2015-10-23,12.6323
2015-10-24,11.8885
2015-10-25,11.8577
2015-10-26,12.2338
2015-10-27,11.4023
2015-10-28,11.5277
2015-10-29,11.0415
2015-10-30,9.5708
2015-10-31,10.6608
2015-11-01,12.03
2015-11-02,12.3262
2015-11-03,11.9792
2015-11-04,9.4892
2015-11-05,9.3554
2015-11-06,10.8762
2015-11-07,11.9754
2015-11-08,12.5023
2015-11-09,13.8792
2015-11-10,14.1177
2015-11-11,12.02
2015-11-12,9.4108
2015-11-13,9.4631
2015-11-14,11.0108
2015-11-15,12.2792
2015-11-16,11.6015
2015-11-17,12.3023
2015-11-18,10.0969
2015-11-19,11.7215
2015-11-20,13.58
2015-11-21,12.8262
2015-11-22,13.21
2015-11-23,13.33
2015-11-24,14.2154
2015-11-25,15.3738
2015-11-26,16.6423
2015-11-27,16.4077
2015-11-28,14.0108
2015-11-29,13.8215
2015-11-30,15.8346
2015-12-01,16.2346
2015-12-02,17.12
2015-12-03,16.4946
2015-12-04,15.4215
2015-12-05,14.5608
2015-12-06,12.6669
2015-12-07,12.7385
2015-12-08,12.9185
2015-12-09,13.3438
2015-12-10,14.5131
2015-12-11,15.61
2015-12-12,16.7846
2015-12-13,13.9938
2015-12-14,13.2115
2015-12-15,14.4008
2015-12-16,12.6415
2015-12-17,11.62
2015-12-18,12.3138
2015-12-19,13.5015
2015-12-20,15.11
2015-12-21,17.18
2015-12-22,15.6377
2015-12-23,13.6338
2015-12-24,14.7531
2015-12-25,15.7223
2015-12-26,16.6908
2015-12-27,16.2085
2015-12-28,16.4131
2015-12-29,14.6992
2015-12-30,15.4008
2015-12-31,15.8323
2016-01-01,18.3792
2016-01-02,17.4177
2016-01-03,15.9969
2016-01-04,13.0685
2016-01-05,13.8638
2016-01-06,15.6146
2016-01-07,16.8969
2016-01-08,17.9015
2016-01-09,16.9192
2016-01-10,15.5438
2016-01-11,16.1277
2016-01-12,16.3708
2016-01-13,15.2985
2016-01-14,16.6308
2016-01-15,17.0615
2016-01-16,17.7092
2016-01-17,18.7385
2016-01-18,19.0331
2016-01-19,18.3331
2016-01-20,18.2915
2016-01-21,17.9154
2016-01-22,18.0108
2016-01-23,18.9138
2016-01-24,19.2985
2016-01-25,19.2862
2016-01-26,19.4762
2016-01-27,17.1462
2016-01-28,16.0908
2016-01-29,16.4338
2016-01-30,16.6054
2016-01-31,16.4715
2016-02-01,18.5238
2016-02-02,20.4369
2016-02-03,21.3623
2016-02-04,20.2669
2016-02-05,19.5346
2016-02-06,18.6962
2016-02-07,18.24
2016-02-08,17.9862
2016-02-09,18.2946
2016-02-10,18.9846
2016-02-11,19.4108
2016-02-12,18.7223
2016-02-13,19.2
2016-02-14,20.2223
2016-02-15,19.8323
2016-02-16,20.5038
2016-02-17,19.7746
2016-02-18,19.79
2016-02-19,18.3485
2016-02-20,18.3731
2016-02-21,18.4423
2016-02-22,18.4092
2016-02-23,18.3031
2016-02-24,18.4854
2016-02-25,18.6662
2016-02-26,19.6577
2016-02-27,19.2569
2016-02-28,19.9508
2016-02-29,17.0685
2016-03-01,14.4346
2016-03-02,14.7277
2016-03-03,16.39
2016-03-04,17.8692
2016-03-05,18.2131
2016-03-06,18.7769
2016-03-07,19.2546
2016-03-08,17.7392
2016-03-09,16.0131
2016-03-10,16.8723
2016-03-11,13.9562
2016-03-12,13.8185
2016-03-13,15.8423
2016-03-14,17.3723
2016-03-15,17.1654
2016-03-16,13.6346
2016-03-17,13.3869
2016-03-18,17.2477
2016-03-19,18.52
2016-03-20,18.6138
2016-03-21,19.0769
2016-03-22,18.7331
2016-03-23,18.8438
2016-03-24,18.2177
2016-03-25,15.9062
2016-03-26,15.6492
2016-03-27,16.0015
2016-03-28,16.3292
2016-03-29,15.7062
2016-03-30,14.5062
2016-03-31,15.2054
2016-04-01,16.7485
2016-04-02,17.5877
2016-04-03,17.6431
2016-04-04,14.3685
2016-04-05,12.9954
2016-04-06,13.6169
2016-04-07,15.4969
2016-04-08,14.8369
2016-04-09,13.9854
2016-04-10,15.2792
2016-04-11,15.4854
2016-04-12,15.7915
2016-04-13,12.8954
2016-04-14,12.5269
2016-04-15,13.0146
2016-04-16,13.9869
2016-04-17,14.5808
2016-04-18,13.5708
2016-04-19,13.2938
2016-04-20,14.2062
2016-04-21,13.8454
2016-04-22,14.6838
2016-04-23,14.8092
2016-04-24,13.2962
2016-04-25,13.1892
2016-04-26,13.9623
2016-04-27,13.6562
2016-04-28,13.93
2016-04-29,14.1538
2016-04-30,12.7323
2016-05-01,14.0685
2016-05-02,15.3677
2016-05-03,16.0631
2016-05-04,15.9877
2016-05-05,15.0338
2016-05-06,14.3592
2016-05-07,14.2292
2016-05-08,13.8269
2016-05-09,13.8408
2016-05-10,13.4492
2016-05-11,16.2754
2016-05-12,15.2315
2016-05-13,15.2831
2016-05-14,14.8354
2016-05-15,14.5077
2016-05-16,14.24
2016-05-17,10.2038
2016-05-18,11.9462
2016-05-19,12.9823
2016-05-20,13.5823
2016-05-21,11.4723
2016-05-22,9.4362
2016-05-23,9.1323
2016-05-24,10.9169
2016-05-25,11.7823
2016-05-26,11.8008
2016-05-27,11.5885
2016-05-28,12.8015
2016-05-29,12.0092
2016-05-30,9.64
2016-05-31,8.3008
2016-06-01,8.0046
2016-06-02,8.2608
2016-06-03,9.0777
2016-06-04,9.1623
2016-06-05,8.84
2016-06-06,8.3454
2016-06-07,8.3646
2016-06-08,8.7246
2016-06-09,11.9938
2016-06-10,14.3377
2016-06-11,12.4815
2016-06-12,10.9531
2016-06-13,8.5262
2016-06-14,11.2685
2016-06-15,11.7677
2016-06-16,10.9438
2016-06-17,10.3869
2016-06-18,11.5431
2016-06-19,10.8492
2016-06-20,10.7215
2016-06-21,12.0815
2016-06-22,13.3462
2016-06-23,12.9931
2016-06-24,11.6446
2016-06-25,10.0408
2016-06-26,11.4185
2016-06-27,10.5115
2016-06-28,10.9038
2016-06-29,10.1669
2016-06-30,9.1023
2016-07-01,6.8492
2016-07-02,7.9677
2016-07-03,9.0923
2016-07-04,9.7654
2016-07-05,10.1338
2016-07-06,9.6638
2016-07-07,8.9238
2016-07-08,9.1923
2016-07-09,7.5085
2016-07-10,8.1546
2016-07-11,7.4985
2016-07-12,7.7408
2016-07-13,8.5808
2016-07-14,9.9338
2016-07-15,9.7946
2016-07-16,8.3131
2016-07-17,9.55
2016-07-18,7.7262
2016-07-19,9.1762
2016-07-20,9.7969
2016-07-21,9.0585
2016-07-22,8.5746
2016-07-23,12.0008
2016-07-24,10.8685
2016-07-25,9.2838
2016-07-26,7.6654
2016-07-27,10.1577
2016-07-28,10.2515
2016-07-29,8.6531
2016-07-30,8.6085
2016-07-31,7.6454
2016-08-01,8.4031
2016-08-02,8.03
2016-08-03,9.64
2016-08-04,7.6254
2016-08-05,5.8754
2016-08-06,5.67
2016-08-07,5.0938
2016-08-08,4.8708
2016-08-09,6.0431
2016-08-10,6.4015
2016-08-11,7.1231
2016-08-12,8.9277
2016-08-13,8.8915
2016-08-14,9.01
2016-08-15,9.4223
2016-08-16,8.6846
2016-08-17,8.4785
2016-08-18,8.6162
2016-08-19,8.9254
2016-08-20,8.9454
2016-08-21,8.9723
2016-08-22,9.3577
2016-08-23,9.9085
2016-08-24,8.5154
2016-08-25,9.4654
2016-08-26,11.04
2016-08-27,9.5654
2016-08-28,9.94
2016-08-29,9.7823
2016-08-30,9.7838
2016-08-31,9.5792
2016-09-01,10.04
2016-09-02,11.7715
2016-09-03,11.4069
2016-09-04,11.9731
2016-09-05,11.5362
2016-09-06,9.87
2016-09-07,9.7
2016-09-08,5.9754
2016-09-09,6.8746
2016-09-10,8.25
2016-09-11,8.7338
2016-09-12,9.7054
2016-09-13,11.0454
2016-09-14,11.2515
2016-09-15,12.2746
2016-09-16,13.0115
2016-09-17,13.3377
2016-09-18,11.4715
2016-09-19,10.0523
2016-09-20,9.0008
2016-09-21,8.5731
2016-09-22,9.92
2016-09-23,10.3923
2016-09-24,10.5746
2016-09-25,10.7792
2016-09-26,11.0746
2016-09-27,11.9346
2016-09-28,12.1077
2016-09-29,12.44
2016-09-30,12.5092
2016-10-01,13.0108
2016-10-02,12.9146
2016-10-03,12.84
2016-10-04,12.7838
2016-10-05,12.8923
2016-10-06,11.8054
2016-10-07,9.9131
2016-10-08,11.54
2016-10-09,10.9054
2016-10-10,10.8069
2016-10-11,12.3354
2016-10-12,12.3323
2016-10-13,11.0238
2016-10-14,10.7954
2016-10-15,9.7823
2016-10-16,11.6562
2016-10-17,13.6092
2016-10-18,13.1777
2016-10-19,13.4692
2016-10-20,13.0554
2016-10-21,10.9438
2016-10-22,10.6269
2016-10-23,11.8777
2016-10-24,13.5662
2016-10-25,13.9938
2016-10-26,12.9415
2016-10-27,13.1654
2016-10-28,12.9538
2016-10-29,10.1838
2016-10-30,9.2877
2016-10-31,10.5946
2016-11-01,11.1108
2016-11-02,12.69
2016-11-03,12.2392
2016-11-04,11.2231
2016-11-05,13.1777
2016-11-06,14.3862
2016-11-07,13.1131
2016-11-08,13.4285
2016-11-09,14.4008
2016-11-10,14.5492
2016-11-11,14.7092
2016-11-12,12.9754
2016-11-13,11.7492
2016-11-14,13.3562
2016-11-15,15.1831
2016-11-16,13.6515
2016-11-17,11.1838
2016-11-18,11.5962
2016-11-19,14.1423
2016-11-20,13.4254
2016-11-21,13.95
2016-11-22,15.0162
2016-11-23,14.7354
2016-11-24,14.4685
2016-11-25,14.9908
2016-11-26,13.7931
2016-11-27,12.7538
2016-11-28,12.4008
2016-11-29,13.8431
2016-11-30,13.1338
2016-12-01,13.0854
2016-12-02,12.95
2016-12-03,13.69
2016-12-04,13.9992
2016-12-05,15.0977
2016-12-06,15.8508
2016-12-07,15.7169
2016-12-08,15.45
2016-12-09,17.76
2016-12-10,16.5946
2016-12-11,13.2238
2016-12-12,12.6677
2016-12-13,12.8108
2016-12-14,15.6846
2016-12-15,14.8085
2016-12-16,14.1569
2016-12-17,15.4477
2016-12-18,15.5762
2016-12-19,14.8231
2016-12-20,14.8854
2016-12-21,15.8569
2016-12-22,16.8715
2016-12-23,13.2662
2016-12-24,13.5646
2016-12-25,14.4177
2016-12-26,15.8438
2016-12-27,15.6738
2016-12-28,15.1977
2016-12-29,12.8646
2016-12-30,14.0669
2016-12-31,16.0608
2017-01-01,17.1515
2017-01-02,15.2315
2017-01-03,15.2538
2017-01-04,13.6308
2017-01-05,12.3677
2017-01-06,13.6338
2017-01-07,14.3969
2017-01-08,14.6692
2017-01-09,16.3823
2017-01-10,16.9577
2017-01-11,17.4177
2017-01-12,17.2615
2017-01-13,16.0277
2017-01-14,16.4438
2017-01-15,17.4408
2017-01-16,15.9608
2017-01-17,16.6738
2017-01-18,17.0346
2017-01-19,15.2777
2017-01-20,12.8569
2017-01-21,15.1423
2017-01-22,15.4046
2017-01-23,15.0015
2017-01-24,16.3215
2017-01-25,15.2931
2017-01-26,15.1708
2017-01-27,16.0492
2017-01-28,16.38
2017-01-29,16.0262
2017-01-30,16.4831
2017-01-31,17.9777
2017-02-01,17.1869
2017-02-02,16.0231
2017-02-03,16.9608
2017-02-04,16.7354
2017-02-05,17.4685
2017-02-06,18.17
2017-02-07,17.0415
2017-02-08,13.8815
2017-02-09,13.7269
2017-02-10,14.4508
2017-02-11,15.5654
2017-02-12,16.8692
2017-02-13,17.4192
2017-02-14,16.0885
2017-02-15,15.4485
2017-02-16,16.0477
2017-02-17,17.2415
2017-02-18,18.21
2017-02-19,19.2308
2017-02-20,19.0038
2017-02-21,18.3862
2017-02-22,17.6154
2017-02-23,16.9454
2017-02-24,16.8208
2017-02-25,16.43
2017-02-26,15.9569
2017-02-27,16.8415
2017-02-28,17.7892
2017-03-01,17.5862
2017-03-02,16.6962
2017-03-03,16.03
2017-03-04,16.9008
2017-03-05,16.5208
2017-03-06,16.4177
2017-03-07,14.9792
2017-03-08,13.3823
2017-03-09,14.8492
2017-03-10,18.1923
2017-03-11,16.8608
2017-03-12,15.8015
2017-03-13,14.7692
2017-03-14,13.3969
2017-03-15,13.3377
2017-03-16,14.9485
2017-03-17,15.9162
2017-03-18,14.4369
2017-03-19,13.8323
2017-03-20,15.3754
2017-03-21,15.5608
2017-03-22,16.0977
2017-03-23,14.1877
2017-03-24,14.9062
2017-03-25,14.5046
2017-03-26,15.9708
2017-03-27,16.1446
2017-03-28,16.4985
2017-03-29,16.6862
2017-03-30,16.8515
2017-03-31,16.2992
2017-04-01,16.1208
2017-04-02,16.8615
2017-04-03,14.4692
2017-04-04,12.8231
2017-04-05,14.4108
2017-04-06,13.1162
2017-04-07,11.4954
2017-04-08,12.1015
2017-04-09,12.7908
2017-04-10,14.4515
2017-04-11,16.0254
2017-04-12,15.8892
2017-04-13,15.4377
2017-04-14,15.5885
2017-04-15,14.9146
2017-04-16,13.8715
2017-04-17,12.9246
2017-04-18,12.0438
2017-04-19,12.1185
2017-04-20,11.18
2017-04-21,11.6431
2017-04-22,12.9315
2017-04-23,12.7792
2017-04-24,12.3492
2017-04-25,13.02
2017-04-26,13.27
2017-04-27,14.0785
2017-04-28,14.5823
2017-04-29,15.1038
2017-04-30,13.0315
2017-05-01,9.3208
2017-05-02,10.5108
2017-05-03,12.8069
2017-05-04,11.0623
2017-05-05,10.4023
2017-05-06,10.8731
2017-05-07,11.5877
2017-05-08,12.4462
2017-05-09,13.2015
2017-05-10,13.5569
2017-05-11,13.7646
2017-05-12,11.77
2017-05-13,9.5792
2017-05-14,10.15
2017-05-15,11.3392
2017-05-16,10.8431
2017-05-17,12.8415
2017-05-18,11.7515
2017-05-19,10.4338
2017-05-20,8.1377
2017-05-21,7.4546
2017-05-22,8.0808
2017-05-23,11.1031
2017-05-24,11.3138
2017-05-25,9.99
2017-05-26,10.02
2017-05-27,11.5823
2017-05-28,10.6669
2017-05-29,11.0462
2017-05-30,10.9192
2017-05-31,10.6246
2017-06-01,10.1123
2017-06-02,10.1531
2017-06-03,9.6754
2017-06-04,8.2654
2017-06-05,8.2154
2017-06-06,9.0492
2017-06-07,8.7823
2017-06-08,8.8485
2017-06-09,9.0569
2017-06-10,9.8169
2017-06-11,9.38
2017-06-12,11.4631
2017-06-13,11.4277
2017-06-14,8.8331
2017-06-15,8.3338
2017-06-16,9.5138
2017-06-17,8.9654
2017-06-18,9.1631
2017-06-19,10.0169
2017-06-20,9.2585
2017-06-21,8.8469
2017-06-22,9.0877
2017-06-23,10.6054
2017-06-24,9.9223
2017-06-25,9.4077
2017-06-26,8.4908
2017-06-27,8.31
2017-06-28,8.2777
2017-06-29,8.0677
2017-06-30,7.9346
2017-07-01,10.4508
2017-07-02,10.8154
2017-07-03,8.9115
2017-07-04,8.8231
2017-07-05,7.2008
2017-07-06,6.4708
2017-07-07,7.5462
2017-07-08,7.8508
2017-07-09,8.1615
2017-07-10,8.8231
2017-07-11,8.4169
2017-07-12,5.6792
2017-07-13,6.3038
2017-07-14,7.5031
2017-07-15,6.9462
2017-07-16,8.4108
2017-07-17,9.6808
2017-07-18,8.2346
2017-07-19,9.1131
2017-07-20,10.4985
2017-07-21,10.6562
2017-07-22,9.1692
2017-07-23,7.8308
2017-07-24,9.9515
2017-07-25,9.5977
2017-07-26,8.8546
2017-07-27,8.8115
2017-07-28,6.3269
2017-07-29,5.1862
2017-07-30,5.7462
2017-07-31,7.8738
2017-08-01,9.2554
2017-08-02,7.3469
2017-08-03,6.2554
2017-08-04,6.6331
2017-08-05,7.6615
2017-08-06,8.9969
2017-08-07,11.1246
2017-08-08,11.1554
2017-08-09,11.8285
2017-08-10,10.1546
2017-08-11,10.4154
2017-08-12,11.4962
2017-08-13,10.7423
2017-08-14,8.8369
2017-08-15,8.64
2017-08-16,10.1831
2017-08-17,11.55
2017-08-18,10.4815
2017-08-19,9.9523
2017-08-20,9.18
2017-08-21,7.9662
2017-08-22,7.0208
2017-08-23,7.6969
2017-08-24,8.7369
2017-08-25,9.5869
2017-08-26,10.05
2017-08-27,10.9562
2017-08-28,11.8254
2017-08-29,11.1038
2017-08-30,10.5469
2017-08-31,10.3238
2017-09-01,8.5923
2017-09-02,8.0123
2017-09-03,8.0931
2017-09-04,8.4392
2017-09-05,10.7169
2017-09-06,11.6377
2017-09-07,10.3162
2017-09-08,10.0992
2017-09-09,8.8131
2017-09-10,8.1523
2017-09-11,7.4623
2017-09-12,9.4062
2017-09-13,10.9531
2017-09-14,12.96
2017-09-15,13.3462
2017-09-16,11.3854
2017-09-17,10.7854
2017-09-18,9.3454
2017-09-19,9.7185
2017-09-20,10.4369
2017-09-21,10.6477
2017-09-22,10.51
2017-09-23,11.3077
2017-09-24,13.0931
2017-09-25,13.5069
2017-09-26,13.0092
2017-09-27,11.5138
2017-09-28,11.2992
2017-09-29,11.5515
2017-09-30,11.5477
2017-10-01,10.4231
2017-10-02,11.6808
2017-10-03,12.3154
2017-10-04,12.1954
2017-10-05,10.6131
2017-10-06,11.2123
2017-10-07,11.8746
2017-10-08,12.2831
2017-10-09,13.2485
2017-10-10,13.6615
2017-10-11,11.3754
2017-10-12,11.2885
2017-10-13,12.1885
2017-10-14,11.9708
2017-10-15,11.2046
2017-10-16,11.5254
2017-10-17,11.4346
2017-10-18,9.9931
2017-10-19,11.3423
2017-10-20,12.6915
2017-10-21,12.7785
2017-10-22,12.2208
2017-10-23,12.0785
2017-10-24,12.5723
2017-10-25,12.3046
2017-10-26,12.4023
2017-10-27,12.5715
2017-10-28,13.5192
2017-10-29,14.5038
2017-10-30,15.4223
2017-10-31,15.5085
2017-11-01,15.0677
2017-11-02,15.3969
2017-11-03,15.5246
2017-11-04,15.15
2017-11-05,13.2554
2017-11-06,11.9269
2017-11-07,12.5685
2017-11-08,12.4954
2017-11-09,12.3677
2017-11-10,11.9738
2017-11-11,11.2038
2017-11-12,10.9315
2017-11-13,11.0285
2017-11-14,11.6638
2017-11-15,12.7246
2017-11-16,13.7769
2017-11-17,13.7415
2017-11-18,12.5477
2017-11-19,12.6669
2017-11-20,13.4538
2017-11-21,13.8523
2017-11-22,14.7023
2017-11-23,16.5015
2017-11-24,16.2562
2017-11-25,15.9415
2017-11-26,16.0746
2017-11-27,17.1531
2017-11-28,17.3962
2017-11-29,17.1285
2017-11-30,17.3069
2017-12-01,18.18
2017-12-02,17.9031
2017-12-03,17.9631
2017-12-04,18.3092
2017-12-05,18.37
2017-12-06,18.6815
2017-12-07,19.6454
2017-12-08,19.3238
2017-12-09,19.2954
2017-12-10,18.3562
2017-12-11,18.0854
2017-12-12,17.3246
2017-12-13,16.3046
2017-12-14,16.0285
2017-12-15,17.0977
2017-12-16,18.8808
2017-12-17,18.9108
2017-12-18,16.4377
2017-12-19,15.9185
2017-12-20,14.9177
2017-12-21,15.9069
2017-12-22,16.3992
2017-12-23,17.3485
2017-12-24,18.5685
2017-12-25,18.4046
2017-12-26,15.4354
2017-12-27,13.4969
2017-12-28,13.1338
2017-12-29,14.9569
2017-12-30,16.9631
2017-12-31,17.2015
2018-01-01,18.6285
2018-01-02,19.5577
2018-01-03,19.7485
2018-01-04,19.13
2018-01-05,18.4592
2018-01-06,15.5723
2018-01-07,15.3685
2018-01-08,18.4592
2018-01-09,18.4662
2018-01-10,18.6
2018-01-11,17.83
2018-01-12,18.4508
2018-01-13,19.9454
2018-01-14,21.0815
2018-01-15,21.3492
2018-01-16,20.3669
2018-01-17,20.4546
2018-01-18,19.0415
2018-01-19,20.3946
2018-01-20,20.6715
2018-01-21,20.44
2018-01-22,19.9008
2018-01-23,20.9123
2018-01-24,20.8046
2018-01-25,20.8838
2018-01-26,20.7385
2018-01-27,21.2523
2018-01-28,21.2862
2018-01-29,22.2385
2018-01-30,21.93
2018-01-31,21.6708
2018-02-01,20.3446
2018-02-02,16.6992
2018-02-03,15.0162
2018-02-04,16.2992
2018-02-05,17.3923
2018-02-06,16.4346
2018-02-07,15.98
2018-02-08,16.8954
2018-02-09,17.8085
2018-02-10,19.7008
2018-02-11,20.8108
2018-02-12,21.2131
2018-02-13,20.5692
2018-02-14,19.1815
2018-02-15,18.7415
2018-02-16,20.1115
2018-02-17,20.1785
2018-02-18,20.5062
2018-02-19,19.7838
2018-02-20,19.9738
2018-02-21,17.1008
2018-02-22,14.7177
2018-02-23,16.1469
2018-02-24,17.5123
2018-02-25,17.7269
2018-02-26,15.4638
2018-02-27,15.1215
2018-02-28,17.9977
2018-03-01,19.3331
2018-03-02,19.4954
2018-03-03,19.3685
2018-03-04,19.55
2018-03-05,19.4785
2018-03-06,18.1746
2018-03-07,16.4185
2018-03-08,15.2708
2018-03-09,14.39
2018-03-10,14.0831
2018-03-11,14.6938
2018-03-12,15.8762
2018-03-13,16.2715
2018-03-14,15.7146
2018-03-15,16.5292
2018-03-16,16.2646
2018-03-17,13.8454
2018-03-18,15.2977
2018-03-19,16.9577
2018-03-20,17.6969
2018-03-21,16.3192
2018-03-22,14.55
2018-03-23,15.0054
2018-03-24,16.0338
2018-03-25,16.0223
2018-03-26,16.7623
2018-03-27,18.2246
2018-03-28,16.98
2018-03-29,16.4162
2018-03-30,16.0508
2018-03-31,16.3231
2018-04-01,14.7262
2018-04-02,15.7192
2018-04-03,17.0208
2018-04-04,16.7408
2018-04-05,16.2162
2018-04-06,15.7031
2018-04-07,14.5285
2018-04-08,13.4323
2018-04-09,14.0954
2018-04-10,10.8077
2018-04-11,8.5638
2018-04-12,10.6215
2018-04-13,11.0446
2018-04-14,10.63
2018-04-15,12.6485
2018-04-16,15.2885
2018-04-17,14.9146
2018-04-18,12.1823
2018-04-19,12.9815
2018-04-20,14.4185
2018-04-21,14.2723
2018-04-22,11.9569
2018-04-23,12.3908
2018-04-24,13.0646
2018-04-25,12.7454
2018-04-26,13.59
2018-04-27,13.1985
2018-04-28,13.53
2018-04-29,14.0615
2018-04-30,13.8746
2018-05-01,13.2
2018-05-02,11.2777
2018-05-03,10.8892
2018-05-04,11.8223
2018-05-05,12.7177
2018-05-06,14.0223
2018-05-07,12.9069
2018-05-08,13.9162
2018-05-09,13.9362
2018-05-10,13.09
2018-05-11,13.8031
2018-05-12,12.96
2018-05-13,12.2585
2018-05-14,11.5323
2018-05-15,12.7346
2018-05-16,13.4754
2018-05-17,11.1785
2018-05-18,12.4662
2018-05-19,12.4015
2018-05-20,12.2392
2018-05-21,12.0754
2018-05-22,11.9362
2018-05-23,9.8231
2018-05-24,9.7608
2018-05-25,9.5346
2018-05-26,8.7085
2018-05-27,9.1392
2018-05-28,6.7608
2018-05-29,7.0262
2018-05-30,7.3385
2018-05-31,7.6892
2018-06-01,7.6238
2018-06-02,8.7585
2018-06-03,10.0831
2018-06-04,11.3262
2018-06-05,10.4654
2018-06-06,7.3769
2018-06-07,7.79
2018-06-08,9.0654
2018-06-09,9.2838
2018-06-10,9.7815
2018-06-11,9.7738
2018-06-12,10.8638
2018-06-13,11.0254
2018-06-14,10.68
2018-06-15,11.0608
2018-06-16,11.5677
2018-06-17,10.9169
2018-06-18,9.9885
2018-06-19,9.1777
2018-06-20,7.9354
2018-06-21,7.1462
2018-06-22,6.1869
2018-06-23,8.0408
2018-06-24,10.0708
2018-06-25,8.6315
2018-06-26,7.0938
2018-06-27,7.3623
2018-06-28,7.5715
2018-06-29,7.3954
2018-06-30,7.0815
2018-07-01,9.2346
2018-07-02,9.8923
2018-07-03,7.3692
2018-07-04,7.9546
2018-07-05,8.31
2018-07-06,8.7615
2018-07-07,10.8277
2018-07-08,11.8654
2018-07-09,9.8969
2018-07-10,8.3192
2018-07-11,8.8915
2018-07-12,7.9446
2018-07-13,7.7992
2018-07-14,8.9054
2018-07-15,10.1992
2018-07-16,10.5931
2018-07-17,10.4308
2018-07-18,9.55
2018-07-19,9.8592
2018-07-20,9.88
2018-07-21,10.4115
2018-07-22,10.1931
2018-07-23,8.7069
2018-07-24,7.5408
2018-07-25,7.48
2018-07-26,9.6931
2018-07-27,9.4385
2018-07-28,10.3354
2018-07-29,10.0962
2018-07-30,7.9231
2018-07-31,8.4815
2018-08-01,10.6315
2018-08-02,10.0138
2018-08-03,9.66
2018-08-04,8.8469
2018-08-05,10.1231
2018-08-06,11.14
2018-08-07,10.4615
2018-08-08,10.6908
2018-08-09,10.6162
2018-08-10,10.3185
2018-08-11,9.1338
2018-08-12,8.6331
2018-08-13,9.2577
2018-08-14,9.9808
2018-08-15,9.7715
2018-08-16,10.8692
2018-08-17,10.6015
2018-08-18,7.8177
2018-08-19,7.6162
2018-08-20,8.8492
2018-08-21,9.9131
2018-08-22,9.3762
2018-08-23,7.9977
2018-08-24,8.3623
2018-08-25,8.4208
2018-08-26,9.01
2018-08-27,10.3938
2018-08-28,9.8962
2018-08-29,10.4554
2018-08-30,10.5631
2018-08-31,9.5892
2018-09-01,10.0938
2018-09-02,10.53
2018-09-03,8.9892
2018-09-04,8.2623
2018-09-05,8.4731
2018-09-06,8.6
2018-09-07,8.7115
2018-09-08,8.7015
2018-09-09,7.6285
2018-09-10,8.2254
2018-09-11,8.9123
2018-09-12,9.9569
2018-09-13,11.3354
2018-09-14,11.5669
2018-09-15,12.1062
2018-09-16,11.7869
2018-09-17,11.78
2018-09-18,11.2208
2018-09-19,11.9338
2018-09-20,12.2469
2018-09-21,11.2577
2018-09-22,10.1723
2018-09-23,10.4446
2018-09-24,10.6777
2018-09-25,8.6915
2018-09-26,9.4492
2018-09-27,8.6592
2018-09-28,9.2731
2018-09-29,10.3515
2018-09-30,11.0646
2018-10-01,11.4054
2018-10-02,11.4031
2018-10-03,11.2569
2018-10-04,11.1446
2018-10-05,11.3131
2018-10-06,11.5785
2018-10-07,11.5915
2018-10-08,10.9946
2018-10-09,11.3615
2018-10-10,10.9515
2018-10-11,12.1808
2018-10-12,9.27
2018-10-13,7.5331
2018-10-14,8.7085
2018-10-15,9.7569
2018-10-16,11.0469
2018-10-17,12.1646
2018-10-18,11.9992
2018-10-19,12.3908
2018-10-20,13.3908
2018-10-21,13.6508
2018-10-22,14.5654
2018-10-23,13.9862
2018-10-24,14.1108
2018-10-25,13.1954
2018-10-26,11.6731
2018-10-27,12.3254
2018-10-28,12.9492
2018-10-29,12.5092
2018-10-30,10.91
2018-10-31,11.0454
2018-11-01,10.0354
2018-11-02,11.0215
2018-11-03,13.0946
2018-11-04,12.5523
2018-11-05,13.1062
2018-11-06,13.83
2018-11-07,15.1877
2018-11-08,15.53
2018-11-09,14.7631
2018-11-10,11.7015
2018-11-11,12.9777
2018-11-12,14.0231
2018-11-13,14.3092
2018-11-14,15.3708
2018-11-15,15.6438
2018-11-16,14.4108
2018-11-17,14.1777
2018-11-18,13.5169
2018-11-19,10.9462
2018-11-20,10.38
2018-11-21,11.7023
2018-11-22,12.9115
2018-11-23,14.8685
2018-11-24,15.2254
2018-11-25,15.2223
2018-11-26,14.4762
2018-11-27,14.4338
2018-11-28,15.4354
2018-11-29,14.8523
2018-11-30,15.9031
2018-12-01,16.3377
2018-12-02,17.5785
2018-12-03,18.1754
2018-12-04,16.6662
2018-12-05,14.3115
2018-12-06,12.2231
2018-12-07,13.5792
2018-12-08,15.5092
2018-12-09,16.6315
2018-12-10,15.5831
2018-12-11,15.9223
2018-12-12,16.4123
2018-12-13,16.9508
2018-12-14,16.92
2018-12-15,16.9408
2018-12-16,17.0938
2018-12-17,18.0115
2018-12-18,17.9269
2018-12-19,16.57
2018-12-20,15.3531
2018-12-21,15.3015
2018-12-22,15.4708
2018-12-23,15.5731
2018-12-24,16.2231
2018-12-25,17.4362
2018-12-26,16.2185
2018-12-27,15.8
2018-12-28,16.9723
2018-12-29,17.3138
2018-12-30,17.7969
2018-12-31,17.8846
2019-01-01,19.1638
2019-01-02,19.2146
2019-01-03,18.6869
2019-01-04,17.6992
2019-01-05,18.3238
2019-01-06,18.3331
2019-01-07,17.7869
2019-01-08,17.5508
2019-01-09,18.7969
2019-01-10,19.3385
2019-01-11,18.4985
2019-01-12,17.4038
2019-01-13,18.2338
2019-01-14,15.8054
2019-01-15,16.0523
2019-01-16,16.8354
2019-01-17,18.4992
2019-01-18,18.1038
2019-01-19,19.1538
2019-01-20,17.9623
2019-01-21,17.2
2019-01-22,17.4585
2019-01-23,18.1992
2019-01-24,15.4085
2019-01-25,16.2269
2019-01-26,17.1315
2019-01-27,19.26
2019-01-28,19.9869
2019-01-29,21.1238
2019-01-30,21.43
2019-01-31,21.3008
2019-02-01,19.4246
2019-02-02,16.7115
2019-02-03,18.0177
2019-02-04,19.0531
2019-02-05,19.1438
2019-02-06,15.3431
2019-02-07,15.1754
2019-02-08,17.4208
2019-02-09,18.9092
2019-02-10,19.43
2019-02-11,19.3946
2019-02-12,19.0023
2019-02-13,20.0885
2019-02-14,18.9492
2019-02-15,18.0508
2019-02-16,15.9315
2019-02-17,16.5662
2019-02-18,17.8138
2019-02-19,18.3423
2019-02-20,18.4415
2019-02-21,19.5277
2019-02-22,19.0577
2019-02-23,16.4877
2019-02-24,13.4362
2019-02-25,13.3654
2019-02-26,14.8762
2019-02-27,15.6708
2019-02-28,13.5215
2019-03-01,14.0631
2019-03-02,14.4646
2019-03-03,16.0454
2019-03-04,16.5738
2019-03-05,17.6362
2019-03-06,18.0546
2019-03-07,17.8715
2019-03-08,16.8485
2019-03-09,16.2254
2019-03-10,16.2638
2019-03-11,17.6015
2019-03-12,18.0177
2019-03-13,18.4108
2019-03-14,17.07
2019-03-15,18.0785
2019-03-16,17.8392
2019-03-17,16.8723
2019-03-18,17.3469
2019-03-19,17.4385
2019-03-20,17.1738
2019-03-21,17.3269
2019-03-22,17.6877
2019-03-23,17.4554
2019-03-24,17.8154
2019-03-25,18.7762
2019-03-26,18.7369
2019-03-27,17.8854
2019-03-28,15.8008
2019-03-29,16.1323
2019-03-30,17.1731
2019-03-31,18.8
2019-04-01,17.4631
2019-04-02,13.93
2019-04-03,12.86
2019-04-04,13.4731
2019-04-05,12.2377
2019-04-06,11.11
2019-04-07,12.3646
2019-04-08,13.5969
2019-04-09,14.4069
2019-04-10,15.8354
2019-04-11,14.3062
2019-04-12,12.3562
2019-04-13,10.5977
2019-04-14,11.2223
2019-04-15,11.2362
2019-04-16,11.67
2019-04-17,11.8092
2019-04-18,11.9992
2019-04-19,12.3769
2019-04-20,13.6646
2019-04-21,13.6246
2019-04-22,13.3431
2019-04-23,13.9846
2019-04-24,14.0646
2019-04-25,14.3108
2019-04-26,14.8346
2019-04-27,15.5431
2019-04-28,14.0015
2019-04-29,12.7331
2019-04-30,10.8731
2019-05-01,11.4462
2019-05-02,11.8769
2019-05-03,12.3562
2019-05-04,13.0708
2019-05-05,13.6231
2019-05-06,13.0754
2019-05-07,12.8708
2019-05-08,13.2008
2019-05-09,14.2331
2019-05-10,14.6562
2019-05-11,13.9662
2019-05-12,14.2515
2019-05-13,11.9346
2019-05-14,11.4331
2019-05-15,13.5508
2019-05-16,12.2154
2019-05-17,8.8131
2019-05-18,11.5538
2019-05-19,12.5869
2019-05-20,11.8715
2019-05-21,12.1677
2019-05-22,12.7615
2019-05-23,12.91
2019-05-24,12.4323
2019-05-25,12.2677
2019-05-26,12.86
2019-05-27,13.0923
2019-05-28,13.5908
2019-05-29,13.4062
2019-05-30,13.5323
2019-05-31,11.84
2019-06-01,9.1185
2019-06-02,7.8985
2019-06-03,8.7408
2019-06-04,10.6477
2019-06-05,9.65
2019-06-06,9.5385
2019-06-07,9.4385
2019-06-08,10.0308
2019-06-09,9.4008
2019-06-10,11.3623
2019-06-11,11.3677
2019-06-12,11.3415
2019-06-13,12.1346
2019-06-14,12.5831
2019-06-15,10.9846
2019-06-16,10.1862
2019-06-17,9.1046
2019-06-18,7.7008
2019-06-19,6.9562
2019-06-20,7.5631
2019-06-21,10.9246
2019-06-22,9.5554
2019-06-23,9.0469
2019-06-24,8.7692
2019-06-25,8.4931
2019-06-26,8.1192
2019-06-27,8.5208
2019-06-28,7.79
2019-06-29,8.0938
2019-06-30,8.4
2019-07-01,8.8177
2019-07-02,10.55
2019-07-03,12.8446
2019-07-04,11.0123
2019-07-05,7.8192
2019-07-06,8.6954
2019-07-07,8.5985
2019-07-08,9.2131
2019-07-09,9.6892
2019-07-10,9.8854
2019-07-11,10.6162
2019-07-12,10.2254
2019-07-13,11.5008
2019-07-14,11.1154
2019-07-15,9.5708
2019-07-16,10.0869
2019-07-17,9.4677
2019-07-18,9.3246
2019-07-19,10.2092
2019-07-20,9.9446
2019-07-21,9.6438
2019-07-22,9.4369
2019-07-23,9.4669
2019-07-24,9.3746
2019-07-25,9.5223
2019-07-26,9.9708
2019-07-27,10.2654
2019-07-28,10.1954
2019-07-29,9.8908
2019-07-30,9.4515
2019-07-31,7.9231
2019-08-01,6.9508
2019-08-02,8.9231
2019-08-03,8.7315
2019-08-04,8.9162
2019-08-05,7.0254
2019-08-06,8.7554
2019-08-07,9.7262
2019-08-08,10.57
2019-08-09,10.0946
2019-08-10,9.5162
2019-08-11,10.31
2019-08-12,9.1485
2019-08-13,9.1508
2019-08-14,8.3077
2019-08-15,7.8954
2019-08-16,9.8669
2019-08-17,8.9662
2019-08-18,6.1285
2019-08-19,6.3131
2019-08-20,8.1431
2019-08-21,9.3446
2019-08-22,9.8662
2019-08-23,9.0538
2019-08-24,8.9392
2019-08-25,10.5338
2019-08-26,10.6308
2019-08-27,8.69
2019-08-28,9.8623
2019-08-29,10.1831
2019-08-30,10.1408
2019-08-31,10.0985
2019-09-01,9.9615
2019-09-02,10.6031
2019-09-03,10.5846
2019-09-04,12.13
2019-09-05,11.8515
2019-09-06,8.5446
2019-09-07,7.6462
2019-09-08,7.1808
2019-09-09,6.6008
2019-09-10,7.4092
2019-09-11,8.2285
2019-09-12,9.9492
2019-09-13,10.7854
2019-09-14,10.6146
2019-09-15,10.1115
2019-09-16,11.0054
2019-09-17,11.1731
2019-09-18,9.6369
2019-09-19,9.6377
2019-09-20,9.8715
2019-09-21,10.1485
2019-09-22,10.4292
2019-09-23,11.5
2019-09-24,10.8438
2019-09-25,9.0869
2019-09-26,8.87
2019-09-27,11.1162
2019-09-28,11.5523
2019-09-29,12.4154
2019-09-30,11.4123
2019-10-01,8.5262
2019-10-02,8.5769
2019-10-03,7.9462
2019-10-04,9.5285
2019-10-05,10.5523
2019-10-06,8.8931
2019-10-07,11.2877
2019-10-08,12.3008
2019-10-09,13.1192
2019-10-10,13.2177
2019-10-11,12.2531
2019-10-12,11.1938
2019-10-13,11.0608
2019-10-14,10.9908
2019-10-15,11.6654
2019-10-16,11.9454
2019-10-17,12.2462
2019-10-18,12.4423
2019-10-19,13.1708
2019-10-20,12.4254
2019-10-21,11.6838
2019-10-22,10.9477
2019-10-23,8.7931
2019-10-24,9.9177
2019-10-25,10.0315
2019-10-26,12.3238
2019-10-27,13.9715
2019-10-28,13.0577
2019-10-29,11.5477
2019-10-30,11.3454
2019-10-31,11.2085
2019-11-01,11.3585
2019-11-02,12.8462
2019-11-03,15.0246
2019-11-04,15.0854
2019-11-05,14.5885
2019-11-06,14.9131
2019-11-07,16.41
2019-11-08,16.4385
2019-11-09,16.9031
2019-11-10,15.7415
2019-11-11,12.2638
2019-11-12,11.9615
2019-11-13,12.9515
2019-11-14,13.5069
2019-11-15,13.0562
2019-11-16,14.6438
2019-11-17,15.0585
2019-11-18,12.6015
2019-11-19,12.0962
2019-11-20,12.9085
2019-11-21,12.6623
2019-11-22,13.7208
2019-11-23,15.5992
2019-11-24,15.3038
2019-11-25,15.0208
2019-11-26,15.6962
2019-11-27,16.1554
2019-11-28,16.5669
2019-11-29,16.3454
2019-11-30,17.2792
2019-12-01,17.1254
2019-12-02,17.1908
2019-12-03,17.3131
2019-12-04,16.0523
2019-12-05,16.0292
2019-12-06,16.28
2019-12-07,17.1215
2019-12-08,16.5046
2019-12-09,14.1831
2019-12-10,14.3915
2019-12-11,15.2138
2019-12-12,16.2031
2019-12-13,16.8746
2019-12-14,15.6831
2019-12-15,15.5485
2019-12-16,17.3277
2019-12-17,16.9008
2019-12-18,12.6262
2019-12-19,14.4977
2019-12-20,14.2808
2019-12-21,13.2115
2019-12-22,14.5585
2019-12-23,15.2492
2019-12-24,14.4031
2019-12-25,14.5177
2019-12-26,15.0846
2019-12-27,15.2385
2019-12-28,14.6546
2019-12-29,15.0254
2019-12-30,16.1615
2019-12-31,16.8585
2020-01-01,16.6023
2020-01-02,17.09
2020-01-03,16.0231
2020-01-04,13.8954
2020-01-05,14.66
2020-01-06,14.5523
2020-01-07,13.9362
2020-01-08,13.8923
2020-01-09,14.9538
2020-01-10,15.7408
2020-01-11,16.0192
2020-01-12,16.6485
2020-01-13,15.0285
2020-01-14,13.9
2020-01-15,14.0508
2020-01-16,14.5992
2020-01-17,15.1692
2020-01-18,15.5992
2020-01-19,16.9546
2020-01-20,17.58
2020-01-21,18.0562
2020-01-22,17.6154
2020-01-23,18.27
2020-01-24,18.9477
2020-01-25,18.6092
2020-01-26,19.4354
2020-01-27,18.9669
2020-01-28,19.2469
2020-01-29,18.8731
2020-01-30,18.7677
2020-01-31,18.1723
2020-02-01,18.6738
2020-02-02,18.9969
2020-02-03,19.62
2020-02-04,19.4369
2020-02-05,16.4931
2020-02-06,16.2869
2020-02-07,16.7585
2020-02-08,15.5046
2020-02-09,14.8631
2020-02-10,16.7246
2020-02-11,16.9477
2020-02-12,17.8677
2020-02-13,17.1592
2020-02-14,17.6262
2020-02-15,18.5862
2020-02-16,20.4569
2020-02-17,19.9092
2020-02-18,18.7823
2020-02-19,18.86
2020-02-20,18.6154
2020-02-21,19.4508
2020-02-22,17.44
2020-02-23,14.8877
2020-02-24,15.5938
2020-02-25,17.1054
2020-02-26,19.0015
2020-02-27,18.4708
2020-02-28,18.5838
2020-02-29,17.4415
2020-03-01,17.4838
2020-03-02,18.3792
2020-03-03,19.4385
2020-03-04,15.8146
2020-03-05,14.2754
2020-03-06,15.4408
2020-03-07,16.6
2020-03-08,17.2615
2020-03-09,17.6492
2020-03-10,16.2577
2020-03-11,14.2692
2020-03-12,13.6931
2020-03-13,15.1515
2020-03-14,15.9446
2020-03-15,16.2992
2020-03-16,15.6515
2020-03-17,12.9646
2020-03-18,13.0738
2020-03-19,15.2469
2020-03-20,15.2723
2020-03-21,15.34
2020-03-22,16.4438
2020-03-23,15.1446
2020-03-24,12.6623
2020-03-25,13.9931
2020-03-26,14.3054
2020-03-27,13.4646
2020-03-28,12.0085
2020-03-29,13.3031
2020-03-30,14.2154
2020-03-31,14.8323
2020-04-01,15.1746
2020-04-02,14.0062
2020-04-03,13.8969
2020-04-04,14.2654
2020-04-05,14.0515
2020-04-06,14.1469
2020-04-07,14.7723
2020-04-08,13.9054
2020-04-09,12.3338
2020-04-10,12.4654
2020-04-11,13.5646
2020-04-12,15.0531
2020-04-13,13.85
2020-04-14,11.1754
2020-04-15,10.6931
2020-04-16,13.0246
2020-04-17,14.0685
2020-04-18,14.3546
2020-04-19,13.8462
2020-04-20,13.3992
2020-04-21,12.6485
2020-04-22,12.8431
2020-04-23,13.5423
2020-04-24,13.7054
2020-04-25,13.3862
2020-04-26,13.5615
2020-04-27,14.2638
2020-04-28,13.5862
2020-04-29,12.6031
2020-04-30,13.4369
2020-05-01,13.9085
2020-05-02,14.37
2020-05-03,15.76
2020-05-04,13.3769
2020-05-05,10.4162
2020-05-06,9.6238
2020-05-07,11.9462
2020-05-08,12.8762
2020-05-09,12.5485
2020-05-10,12.2838
2020-05-11,12.7085
2020-05-12,11.8454
2020-05-13,11.48
2020-05-14,11.6077
2020-05-15,11.1554
2020-05-16,11.2785
2020-05-17,11.1654
2020-05-18,10.5031
2020-05-19,9.5469
2020-05-20,8.5246
2020-05-21,9.3815
2020-05-22,10.2562
2020-05-23,10.28
2020-05-24,11.1185
2020-05-25,11.9777
2020-05-26,10.2954
2020-05-27,9.6431
2020-05-28,9.4423
2020-05-29,9.7938
2020-05-30,10.3
2020-05-31,10.56
2020-06-01,11.7562
2020-06-02,12.43
2020-06-03,12.0338
2020-06-04,12.0454
2020-06-05,9.2877
2020-06-06,9.4846
2020-06-07,8.7108
2020-06-08,9.8446
2020-06-09,10.6231
2020-06-10,9.8408
2020-06-11,11.3769
2020-06-12,10.3623
2020-06-13,7.4869
2020-06-14,7.7069
2020-06-15,9.9385
2020-06-16,11.2231
2020-06-17,11.6608
2020-06-18,10.85
2020-06-19,11.52
2020-06-20,11.0892
2020-06-21,10.1392
2020-06-22,10.5
2020-06-23,10.2954
2020-06-24,9.5369
2020-06-25,10.3408
2020-06-26,10.76
2020-06-27,11.7308
2020-06-28,11.0023
2020-06-29,8.9215
2020-06-30,7.6585
2020-07-01,6.4623
2020-07-02,6.9454
2020-07-03,7.1062
2020-07-04,9.3415
2020-07-05,9.4677
2020-07-06,10.4592
2020-07-07,9.7331
2020-07-08,7.53
2020-07-09,6.5277
2020-07-10,8.1515
2020-07-11,9.2877
2020-07-12,9.8915
2020-07-13,9.2408
2020-07-14,8.1815
2020-07-15,7.9323
2020-07-16,7.1085
2020-07-17,8.4315
2020-07-18,9.6146
2020-07-19,10.1731
2020-07-20,10.65
2020-07-21,10.7631
2020-07-22,8.5523
2020-07-23,9.6485
2020-07-24,8.2454
2020-07-25,8.5062
2020-07-26,8.7623
2020-07-27,7.4723
2020-07-28,8.3846
2020-07-29,9.8569
2020-07-30,9.64
2020-07-31,9.7485
2020-08-01,9.5269
2020-08-02,10.1062
2020-08-03,10.0354
2020-08-04,9.9608
2020-08-05,10.5246
2020-08-06,10.69
2020-08-07,10.5231
2020-08-08,7.9277
2020-08-09,8.6192
2020-08-10,10.4354
2020-08-11,9.8977
2020-08-12,9.2608
2020-08-13,8.0962
2020-08-14,6.9454
2020-08-15,6.4638
2020-08-16,7.0792
2020-08-17,7.1215
2020-08-18,8.3362
2020-08-19,10.2062
2020-08-20,11.5515
2020-08-21,11.5431
2020-08-22,10.9369
2020-08-23,10.6762
2020-08-24,10.9923
2020-08-25,9.5108
2020-08-26,7.7862
2020-08-27,8.4069
2020-08-28,9.0162
2020-08-29,11.3346
2020-08-30,11.6792
2020-08-31,11.6585
2020-09-01,10.2731
2020-09-02,7.6723
2020-09-03,7.6946
2020-09-04,8.9869
2020-09-05,11.1546
2020-09-06,11.9269
2020-09-07,9.6669
2020-09-08,9.0146
2020-09-09,10.4169
2020-09-10,9.88
2020-09-11,7.5823
2020-09-12,8.1546
2020-09-13,10.6669
2020-09-14,11.8346
2020-09-15,11.4085
2020-09-16,10.48
2020-09-17,11.4354
2020-09-18,9.4546
2020-09-19,9.9623
2020-09-20,10.0231
2020-09-21,11.1646
2020-09-22,12.1785
2020-09-23,12.8615
2020-09-24,13.1585
2020-09-25,12.0154
2020-09-26,12.7592
2020-09-27,12.92
2020-09-28,9.7292
2020-09-29,8.0738
2020-09-30,8.2215
2020-10-01,9.4669
2020-10-02,11.1423
2020-10-03,12.9608
2020-10-04,13.2708
2020-10-05,13.4662
2020-10-06,12.3354
2020-10-07,11.9469
2020-10-08,8.9577
2020-10-09,9.5146
2020-10-10,11.6346
2020-10-11,12.7323
2020-10-12,13.0885
2020-10-13,12.8754
2020-10-14,10.6346
2020-10-15,8.0708
2020-10-16,8.6692
2020-10-17,9.9585
2020-10-18,11.4562
2020-10-19,13.34
2020-10-20,13.0254
2020-10-21,13.0369
2020-10-22,13.2215
2020-10-23,13.6008
2020-10-24,14.9154
2020-10-25,15.5423
2020-10-26,14.8038
2020-10-27,12.1877
2020-10-28,11.9292
2020-10-29,13.8069
2020-10-30,15.8054
2020-10-31,15.3331
2020-11-01,13.7077
2020-11-02,12.8808
2020-11-03,14.0277
2020-11-04,16.5231
2020-11-05,15.3108
2020-11-06,14.6785
2020-11-07,15.0746
2020-11-08,12.8508
2020-11-09,10.7854
2020-11-10,11.6808
2020-11-11,12.1777
2020-11-12,13.0038
2020-11-13,14.5008
2020-11-14,14.5785
2020-11-15,15.5992
2020-11-16,14.9431
2020-11-17,15.3077
2020-11-18,13.68
2020-11-19,11.8892
2020-11-20,13.4385
2020-11-21,13.9346
2020-11-22,11.9615
2020-11-23,11.1577
2020-11-24,12.7685
2020-11-25,14.1415
2020-11-26,16.4015
2020-11-27,14.2831
2020-11-28,12.2554
2020-11-29,13.9338
2020-11-30,13.9831
2020-12-01,12.3392
2020-12-02,13.4223
2020-12-03,14.7738
2020-12-04,13.7792
2020-12-05,13.9469
2020-12-06,14.1831
2020-12-07,16.6769
2020-12-08,17.7
2020-12-09,17.6415
2020-12-10,16.7815
2020-12-11,14.1262
2020-12-12,13.4392
2020-12-13,12.8538
2020-12-14,13.2515
2020-12-15,15.0677
2020-12-16,14.9654
2020-12-17,15.2023
2020-12-18,17.1392
2020-12-19,16.8569
2020-12-20,16.5962
2020-12-21,16.52
2020-12-22,17.7692
2020-12-23,16.7508
2020-12-24,16.6454
2020-12-25,15.0769
2020-12-26,13.28
2020-12-27,11.5262
2020-12-28,12.3038
2020-12-29,13.3262
2020-12-30,14.4823
2020-12-31,15.3538
2021-01-01,15.97
2021-01-02,17.0177
2021-01-03,16.5615
2021-01-04,16.7985
2021-01-05,17.4
2021-01-06,18.1715
2021-01-07,17.7062
2021-01-08,16.7646
2021-01-09,16.3792
2021-01-10,16.6131
2021-01-11,16.4592
2021-01-12,18.0415
2021-01-13,19.1738
2021-01-14,19.07
2021-01-15,18.5277
2021-01-16,18.6777
2021-01-17,18.1923
2021-01-18,15.8392
2021-01-19,16.7754
2021-01-20,13.8154
2021-01-21,14.4369
2021-01-22,15.8669
2021-01-23,16.3592
2021-01-24,17.1092
2021-01-25,17.38
2021-01-26,19.0977
2021-01-27,19.4485
2021-01-28,16.4
2021-01-29,13.1577
2021-01-30,13.9431
2021-01-31,15.67
2021-02-01,16.8869
2021-02-02,17.3869
2021-02-03,17.2069
2021-02-04,15.0385
2021-02-05,14.6223
2021-02-06,15.7569
2021-02-07,17.2592
2021-02-08,18.0615
2021-02-09,17.9438
2021-02-10,16.3654
2021-02-11,15.3146
2021-02-12,15.5838
2021-02-13,16.9946
2021-02-14,17.8715
2021-02-15,16.8054
2021-02-16,14.5362
2021-02-17,13.37
2021-02-18,14.25
2021-02-19,16.04
2021-02-20,16.4577
2021-02-21,17.0762
2021-02-22,18.2323
2021-02-23,19.3123
2021-02-24,18.7423
2021-02-25,17.44
2021-02-26,17.56
2021-02-27,18.2177
2021-02-28,18.4654
2021-03-01,18.1438
2021-03-02,18.9054
2021-03-03,18.44
2021-03-04,16.4454
2021-03-05,16.2492
2021-03-06,16.3262
2021-03-07,15.1785
2021-03-08,14.5369
2021-03-09,15.5692
2021-03-10,15.9715
2021-03-11,14.6623
2021-03-12,13.6346
2021-03-13,14.3946
2021-03-14,15.8608
2021-03-15,16.6815
2021-03-16,15.5131
2021-03-17,14.0946
2021-03-18,12.9069
2021-03-19,13.3931
2021-03-20,13.4215
2021-03-21,13.8592
2021-03-22,13.7515
2021-03-23,14.5015
2021-03-24,14.3938
2021-03-25,15.1054
2021-03-26,16.0131
2021-03-27,16.8808
2021-03-28,17.4215
2021-03-29,17.2754
2021-03-30,17.2069
2021-03-31,16.4892
2021-04-01,13.4992
2021-04-02,12.9369
2021-04-03,12.7608
2021-04-04,15.0546
2021-04-05,16.5969
2021-04-06,15.8623
2021-04-07,14.7685
2021-04-08,15.6192
2021-04-09,15.97
2021-04-10,16.2615
2021-04-11,16.7777
2021-04-12,16.6054
2021-04-13,15.8762
2021-04-14,13.4908
2021-04-15,14.0354
2021-04-16,14.9954
2021-04-17,12.0431
2021-04-18,13.1792
2021-04-19,14.5185
2021-04-20,14.0362
2021-04-21,13.7131
2021-04-22,13.4762
2021-04-23,14.0562
2021-04-24,14.1085
2021-04-25,12.7862
2021-04-26,11.8915
2021-04-27,10.5715
2021-04-28,10.0008
2021-04-29,11.6115
2021-04-30,13.1169
2021-05-01,10.5369
2021-05-02,10.4792
2021-05-03,11.1185
2021-05-04,12.2846
2021-05-05,13.7323
2021-05-06,13.6992
2021-05-07,12.6662
2021-05-08,13.6346
2021-05-09,15.5685
2021-05-10,15.9285
2021-05-11,15.2869
2021-05-12,10.8938
2021-05-13,8.4869
2021-05-14,9.0377
2021-05-15,12.61
2021-05-16,12.3031
2021-05-17,12.6608
2021-05-18,11.4246
2021-05-19,12.5115
2021-05-20,12.6331
2021-05-21,12.1562
2021-05-22,11.3
2021-05-23,10.9869
2021-05-24,10.2931
2021-05-25,8.9685
2021-05-26,9.7238
2021-05-27,9.6008
2021-05-28,9.54
2021-05-29,10.64
2021-05-30,10.3977
2021-05-31,9.7677
2021-06-01,9.4362
2021-06-02,9.9615
2021-06-03,10.4892
2021-06-04,11.2115
2021-06-05,11.05
2021-06-06,11.37
2021-06-07,11.3431
2021-06-08,11.2262
2021-06-09,11.3392
2021-06-10,11.6869
2021-06-11,11.18
2021-06-12,11.29
2021-06-13,12.0015
2021-06-14,13.1808
2021-06-15,12.4162
2021-06-16,11.4915
2021-06-17,10.5669
2021-06-18,8.4846
2021-06-19,8.9523
2021-06-20,10.9654
2021-06-21,10.5454
2021-06-22,8.9877
2021-06-23,7.7577
2021-06-24,9.5238
2021-06-25,11.8154
2021-06-26,12.8669
2021-06-27,12.8746
2021-06-28,10.1885
2021-06-29,6.1854
2021-06-30,8.1231
2021-07-01,8.1846
2021-07-02,7.5177
2021-07-03,7.3808
2021-07-04,7.4623
2021-07-05,8.1169
2021-07-06,10.0323
2021-07-07,10.4262
2021-07-08,7.7377
2021-07-09,7.7469
2021-07-10,7.2354
2021-07-11,5.8592
2021-07-12,6.2854
2021-07-13,6.6946
2021-07-14,7.3085
2021-07-15,9.7562
2021-07-16,10.9585
2021-07-17,12.5715
2021-07-18,11.4623
2021-07-19,9.1615
2021-07-20,8.8538
2021-07-21,9.8062
2021-07-22,10.3038
2021-07-23,8.5715
2021-07-24,8.1192
2021-07-25,9.0669
2021-07-26,10.7631
2021-07-27,9.7354
2021-07-28,9.3446
2021-07-29,10.3554
2021-07-30,10.6254
2021-07-31,9.7585
2021-08-01,9.1515
2021-08-02,9.33
2021-08-03,8.6031
2021-08-04,7.2554
2021-08-05,7.8908
2021-08-06,9.2177
2021-08-07,9.3192
2021-08-08,7.6677
2021-08-09,5.5323
2021-08-10,7.9138
2021-08-11,9.9585
2021-08-12,10.7069
2021-08-13,10.0469
2021-08-14,9.0477
2021-08-15,8.5515
2021-08-16,10.1838
2021-08-17,10.4269
2021-08-18,8.5246
2021-08-19,8.66
2021-08-20,8.6762
2021-08-21,6.7623
2021-08-22,8.5669
2021-08-23,9.3323
2021-08-24,9.9515
2021-08-25,10.3354
2021-08-26,9.5254
2021-08-27,10.0123
2021-08-28,11.3654
2021-08-29,10.8285
2021-08-30,8.2669
2021-08-31,7.9431
2021-09-01,8.3223
2021-09-02,8.6792
2021-09-03,9.2169
2021-09-04,9.8077
2021-09-05,10.4185
2021-09-06,10.0362
2021-09-07,11.1208
2021-09-08,8.2023
2021-09-09,10.0769
2021-09-10,11.6869
2021-09-11,9.9023
2021-09-12,10.4623
2021-09-13,11.1723
2021-09-14,8.4777
2021-09-15,8.6554
2021-09-16,8.8115
2021-09-17,7.4285
2021-09-18,7.8085
2021-09-19,9.1323
2021-09-20,11.3308
2021-09-21,11.1277
2021-09-22,11.9246
2021-09-23,12.5238
2021-09-24,12.0708
2021-09-25,11.9115
2021-09-26,10.4354
2021-09-27,8.4415
2021-09-28,8.4585
2021-09-29,10.0723
2021-09-30,10.4331
2021-10-01,10.2608
2021-10-02,11.1615
2021-10-03,11.3654
2021-10-04,12.4031
2021-10-05,13.3631
2021-10-06,13.8946
2021-10-07,13.6346
2021-10-08,13.2646
2021-10-09,12.4815
2021-10-10,11.2723
2021-10-11,11.65
2021-10-12,10.4723
2021-10-13,8.3838
2021-10-14,8.6846
2021-10-15,10.1477
2021-10-16,11.1838
2021-10-17,13.1262
2021-10-18,13.7346
2021-10-19,12.0731
2021-10-20,10.3692
2021-10-21,10.7815
2021-10-22,11.0269
2021-10-23,11.7862
2021-10-24,13.4523
2021-10-25,15.0892
2021-10-26,15.6369
2021-10-27,14.8392
2021-10-28,14.7108
2021-10-29,14.5185
2021-10-30,14.9077
2021-10-31,13.9623
2021-11-01,12.5115
2021-11-02,12.2162
2021-11-03,10.1438
2021-11-04,11.1815
2021-11-05,12.5685
2021-11-06,13.3562
2021-11-07,14.5623
2021-11-08,15.0577
2021-11-09,15.0269
2021-11-10,14.9762
2021-11-11,16.0731
2021-11-12,16.6569
2021-11-13,16.5292
2021-11-14,16.1392
2021-11-15,15.1577
2021-11-16,14.6415
2021-11-17,13.77
2021-11-18,13.6185
2021-11-19,14.1577
2021-11-20,14.1885
2021-11-21,15.6085
2021-11-22,15.2177
2021-11-23,13.6854
2021-11-24,13.8115
2021-11-25,14.6262
2021-11-26,15.2108
2021-11-27,15.1962
2021-11-28,15.1062
2021-11-29,16.3454
2021-11-30,16.1662
2021-12-01,15.6946
2021-12-02,16.4046
2021-12-03,17.1646
2021-12-04,17.1177
2021-12-05,17.6446
2021-12-06,16.48
2021-12-07,16.87
2021-12-08,17.5008
2021-12-09,17.8023
2021-12-10,17.8946
2021-12-11,17.9877
2021-12-12,14.5623
2021-12-13,16.9985
2021-12-14,17.3546
2021-12-15,18.0877
2021-12-16,16.5723
2021-12-17,15.7215
2021-12-18,15.1462
2021-12-19,16.4831
2021-12-20,16.9523
2021-12-21,17.3254
2021-12-22,17.2185
2021-12-23,17.4938
2021-12-24,16.4269
2021-12-25,16.4415
2021-12-26,17.4962
2021-12-27,17.7162
2021-12-28,17.3923
2021-12-29,15.6646
2021-12-30,15.8808
2021-12-31,16.6069
2022-01-01,18.0915
2022-01-02,19.7508
2022-01-03,19.3054
2022-01-04,19.2577
2022-01-05,18.4392
2022-01-06,15.9846
2022-01-07,14.2292
2022-01-08,16.4738
2022-01-09,18.0408
2022-01-10,18.4915
2022-01-11,18.5908
2022-01-12,17.1485
2022-01-13,14.9423
2022-01-14,15.1592
2022-01-15,16.4777
2022-01-16,17.7823
2022-01-17,17.9277
2022-01-18,18.1546
2022-01-19,18.29
2022-01-20,16.2808
2022-01-21,16.4762
2022-01-22,18.1115
2022-01-23,17.6008
2022-01-24,17.7023
2022-01-25,18.4123
2022-01-26,18.7031
2022-01-27,15.44
2022-01-28,15.5354
2022-01-29,17.5985
2022-01-30,18.3392
2022-01-31,18.9354
2022-02-01,20.1992
2022-02-02,21.2031
2022-02-03,20.1554
2022-02-04,20.0946
2022-02-05,16.8392
2022-02-06,15.48
2022-02-07,15.98
2022-02-08,18.8477
2022-02-09,19.7746
2022-02-10,21.3762
2022-02-11,20.1038
2022-02-12,18.9177
2022-02-13,15.1862
2022-02-14,14.1092
2022-02-15,15.2954
2022-02-16,16.1985
2022-02-17,17.1554
2022-02-18,18.0708
2022-02-19,17.6092
2022-02-20,16.1038
2022-02-21,17.4946
2022-02-22,17.6231
2022-02-23,16.2569
2022-02-24,15.2054
2022-02-25,15.6323
2022-02-26,15.9492
2022-02-27,13.5946
2022-02-28,13.8908
2022-03-01,15.2931
2022-03-02,14.1569
2022-03-03,14.5046
2022-03-04,15.7746
2022-03-05,16.8885
2022-03-06,17.2777
2022-03-07,16.87
2022-03-08,18.27
2022-03-09,18.2
2022-03-10,17.4623
2022-03-11,17.9077
2022-03-12,17.3854
2022-03-13,15.55
2022-03-14,14.9685
2022-03-15,14.4023
2022-03-16,14.0492
2022-03-17,13.3546
2022-03-18,13.4846
2022-03-19,14.37
2022-03-20,15.7331
2022-03-21,15.9392
2022-03-22,18.96
2022-03-23,18.0469
2022-03-24,16.7154
2022-03-25,15.6092
2022-03-26,14.9585
2022-03-27,14.4985
2022-03-28,14.5138
2022-03-29,16.1508
2022-03-30,16.9015
2022-03-31,16.55
2022-04-01,14.74
2022-04-02,15.7477
2022-04-03,16.0131
2022-04-04,15.9192
2022-04-05,17.0846
2022-04-06,16.7123
2022-04-07,11.8969
2022-04-08,12.8408
2022-04-09,13.0338
2022-04-10,13.6508
2022-04-11,14.5869
2022-04-12,14.9608
2022-04-13,13.3069
2022-04-14,11.9992
2022-04-15,12.6246
2022-04-16,13.8854
2022-04-17,12.8362
2022-04-18,13.0531
2022-04-19,15.1215
2022-04-20,16.9338
2022-04-21,16.8423
2022-04-22,14.6338
2022-04-23,12.0338
2022-04-24,13.6569
2022-04-25,12.9654
2022-04-26,13.1838
2022-04-27,13.33
2022-04-28,11.7569
2022-04-29,11.6885
2022-04-30,12.4138
2022-05-01,13.3562
2022-05-02,14.4115
2022-05-03,15.0015
2022-05-04,13.79
2022-05-05,13.8392
2022-05-06,14.2892
2022-05-07,13.9923
2022-05-08,15.0692
2022-05-09,14.5538
2022-05-10,11.7208
2022-05-11,9.8762
2022-05-12,10.3862
2022-05-13,11.0423
2022-05-14,13.6692
2022-05-15,14.0077
2022-05-16,14.5315
2022-05-17,15.2377
2022-05-18,14.3285
2022-05-19,14.1808
2022-05-20,11.3977
2022-05-21,10.9615
2022-05-22,11.9108
2022-05-23,11.11
2022-05-24,11.48
2022-05-25,10.7531
2022-05-26,8.2354
2022-05-27,8.6346
2022-05-28,9.7792
2022-05-29,10.2946
2022-05-30,12.7954
2022-05-31,14.0238
2022-06-01,14.5677
2022-06-02,12.6762
2022-06-03,11.1054
2022-06-04,9.1346
2022-06-05,8.9262
2022-06-06,10.7815
2022-06-07,12.1869
2022-06-08,12.66
2022-06-09,11.6769
2022-06-10,11.4115
2022-06-11,10.9346
2022-06-12,10.6554
2022-06-13,10.3192
2022-06-14,10.6415
2022-06-15,11.1331
2022-06-16,11.3623
2022-06-17,10.2369
2022-06-18,10.4354
2022-06-19,8.6838
2022-06-20,7.0215
2022-06-21,7.1954
2022-06-22,7.8923
2022-06-23,7.2023
2022-06-24,8.3446
2022-06-25,10.4538
2022-06-26,10.8331
2022-06-27,10.1162
2022-06-28,8.9915
2022-06-29,9.3315
2022-06-30,9.3754
2022-07-01,8.9454
2022-07-02,9.0554
2022-07-03,10.0769
2022-07-04,9.5369
2022-07-05,9.9177
2022-07-06,9.0585
2022-07-07,8.0369
2022-07-08,11.2554
2022-07-09,11.5954
2022-07-10,7.7669
2022-07-11,8.2446
2022-07-12,11.3631
2022-07-13,11.1554
2022-07-14,10.1069
2022-07-15,7.8946
2022-07-16,7.2031
2022-07-17,8.1654
2022-07-18,10.3362
2022-07-19,11.19
2022-07-20,10.2485
2022-07-21,7.8746
2022-07-22,7.33
2022-07-23,6.9846
2022-07-24,7.8438
2022-07-25,8.9892
2022-07-26,11.5746
2022-07-27,10.7446
2022-07-28,10.4646
2022-07-29,10.3915
2022-07-30,9.9069
2022-07-31,7.8869
2022-08-01,8.3423
2022-08-02,10.58
2022-08-03,11.2815
2022-08-04,10.9569
2022-08-05,10.8708
2022-08-06,11.1762
2022-08-07,10.9877
2022-08-08,7.8392
2022-08-09,7.4177
2022-08-10,6.2815
2022-08-11,6.2669
2022-08-12,6.35
2022-08-13,6.55
2022-08-14,7.6315
2022-08-15,8.7169
2022-08-16,10.8338
2022-08-17,12.8462
2022-08-18,13.6138
2022-08-19,14.3277
2022-08-20,14.0054
2022-08-21,12.5454
2022-08-22,11.2415
2022-08-23,10.5531
2022-08-24,10.3269
2022-08-25,9.9877
2022-08-26,10.7038
2022-08-27,9.5754
2022-08-28,9.0492
2022-08-29,8.1823
2022-08-30,9.2377
2022-08-31,9.85
2022-09-01,11.0369
2022-09-02,11.5315
2022-09-03,10.9623
2022-09-04,9.8338
2022-09-05,7.9562
2022-09-06,5.7431
2022-09-07,7.9062
2022-09-08,8.9123
2022-09-09,9.4662
2022-09-10,10.1
2022-09-11,11.4146
2022-09-12,11.3669
2022-09-13,10.7669
2022-09-14,7.8346
2022-09-15,8.1915
2022-09-16,8.6931
2022-09-17,9.2469
2022-09-18,10.7615
2022-09-19,11.9892
2022-09-20,12.7977
2022-09-21,11.7269
2022-09-22,10.7238
2022-09-23,11.9115
2022-09-24,11.9823
2022-09-25,10.9785
2022-09-26,10.7023
2022-09-27,11.9015
2022-09-28,12.27
2022-09-29,12.5577
2022-09-30,9.3485
2022-10-01,9.7715
2022-10-02,11.0846
2022-10-03,10.6338
2022-10-04,9.6285
2022-10-05,9.1123
2022-10-06,5.6892
2022-10-07,7.8338
2022-10-08,9.8354
2022-10-09,11.5115
2022-10-10,12.2208
2022-10-11,12.2523
2022-10-12,10.8492
2022-10-13,10.1208
2022-10-14,9.6492
2022-10-15,10.6277
2022-10-16,11.6131
2022-10-17,12.6577
2022-10-18,12.1277
2022-10-19,11.3477
2022-10-20,11.9869
2022-10-21,9.4831
2022-10-22,10.0831
2022-10-23,12.3508
2022-10-24,12.75
2022-10-25,10.0977
2022-10-26,12.3531
2022-10-27,13.3546
2022-10-28,14.8831
2022-10-29,16.4869
2022-10-30,15.4354
2022-10-31,15.2031
2022-11-01,14.5762
2022-11-02,15.4723
2022-11-03,15.2985
2022-11-04,14.3538
2022-11-05,13.21
2022-11-06,13.1292
2022-11-07,14.0269
2022-11-08,14.1638
2022-11-09,14.2538
2022-11-10,12.8438
2022-11-11,13.4092
2022-11-12,16.1231
2022-11-13,14.7385
2022-11-14,14.6931
2022-11-15,15.76
2022-11-16,16.4062
2022-11-17,16.1523
2022-11-18,16.38
2022-11-19,15.9254
2022-11-20,16.0692
2022-11-21,15.9238
2022-11-22,16.1008
2022-11-23,14.2277
2022-11-24,13.1792
2022-11-25,12.8915
2022-11-26,13.7415
2022-11-27,13.7885
2022-11-28,13.6308
2022-11-29,14.8531
2022-11-30,14.9208
2022-12-01,13.5231
2022-12-02,12.6231
2022-12-03,12.1685
2022-12-04,14.2162
2022-12-05,14.7715
2022-12-06,14.2562
2022-12-07,13.1923
2022-12-08,14.2769
2022-12-09,16.4177
2022-12-10,16.7562
2022-12-11,16.1669
2022-12-12,16.6562
2022-12-13,18.3208
2022-12-14,17.9085
2022-12-15,18.0146
2022-12-16,18.7785
2022-12-17,17.2562
2022-12-18,16.3638
2022-12-19,15.6677
2022-12-20,15.4638
2022-12-21,15.9938
2022-12-22,15.9246
2022-12-23,16.9108
2022-12-24,16.5485
2022-12-25,17.3023
2022-12-26,17.1162
2022-12-27,16.4
2022-12-28,17.5477
2022-12-29,17.8362
2022-12-30,16.3223
2022-12-31,14.64
2023-01-01,14.9246
2023-01-02,16.2115
2023-01-03,17.5192
2023-01-04,17.6554
2023-01-05,18.3115
2023-01-06,18.0438
2023-01-07,17.0646
2023-01-08,16.3231
2023-01-09,17.2377
2023-01-10,16.7
2023-01-11,16.1608
2023-01-12,15.1977
2023-01-13,14.8869
2023-01-14,15.5754
2023-01-15,16.4477
2023-01-16,17.4308
2023-01-17,17.4846
2023-01-18,17.1623
2023-01-19,18.0562
2023-01-20,17.8131
2023-01-21,16.8592
2023-01-22,16.68
2023-01-23,15.7654
2023-01-24,15.9654
2023-01-25,17.6215
2023-01-26,18.7108
2023-01-27,17.2831
2023-01-28,17.6962
2023-01-29,19.8592
2023-01-30,19.6415
2023-01-31,19.3223
2023-02-01,18.98
2023-02-02,20.7831
2023-02-03,21.1115
2023-02-04,21.72
2023-02-05,20.6431
2023-02-06,18.9715
2023-02-07,18.0923
2023-02-08,17.2231
2023-02-09,15.4546
2023-02-10,15.8746
2023-02-11,16.9792
2023-02-12,16.5408
2023-02-13,16.7
2023-02-14,17.0692
2023-02-15,16.8323
2023-02-16,15.6177
2023-02-17,15.4092
2023-02-18,16.8869
2023-02-19,17.3462
2023-02-20,18.2854
2023-02-21,18.0446
2023-02-22,16.9346
2023-02-23,13.7208
2023-02-24,13.8308
2023-02-25,15.7785
2023-02-26,16.6577
2023-02-27,16.4438
2023-02-28,16.4385
2023-03-01,16.8323
2023-03-02,17.4585
2023-03-03,17.7962
2023-03-04,17.1431
2023-03-05,15.1938
2023-03-06,14.4362
2023-03-07,15.4115
2023-03-08,17.6608
2023-03-09,18.0708
2023-03-10,17.3138
2023-03-11,16.4515
2023-03-12,16.8362
2023-03-13,15.2738
2023-03-14,13.7454
2023-03-15,15.4685
2023-03-16,15.9823
2023-03-17,17.8462
2023-03-18,16.3869
2023-03-19,16.4108
2023-03-20,16.6038
2023-03-21,14.2754
2023-03-22,12.0092
2023-03-23,12.7377
2023-03-24,13.6831
2023-03-25,15.5962
2023-03-26,16.01
2023-03-27,15.6185
2023-03-28,13.0038
2023-03-29,9.7738
2023-03-30,11.3546
2023-03-31,14.0269
2023-04-01,15.6877
2023-04-02,15.7815
2023-04-03,13.3285
2023-04-04,13.1469
2023-04-05,14.25
2023-04-06,14.2877
2023-04-07,12.5115
2023-04-08,12.2031
2023-04-09,14.5415
2023-04-10,16.2738
2023-04-11,15.5646
2023-04-12,15.0354
2023-04-13,14.3354
2023-04-14,14.31
2023-04-15,14.1323
2023-04-16,14.4331
2023-04-17,14.4108
2023-04-18,15.0938
2023-04-19,15.8069
2023-04-20,16.6646
2023-04-21,16.1238
2023-04-22,15.7162
2023-04-23,14.5523
2023-04-24,11.5869
2023-04-25,12.0008
2023-04-26,12.5385
2023-04-27,11.1985
2023-04-28,11.7169
2023-04-29,12.5854
2023-04-30,14.5208
2023-05-01,15.6777
2023-05-02,16.5831
2023-05-03,16.8877
2023-05-04,16.1538
2023-05-05,15.8715
2023-05-06,16.0169
2023-05-07,15.1538
2023-05-08,15.5423
2023-05-09,15.2169
2023-05-10,12.6446
2023-05-11,9.0808
2023-05-12,9.7192
2023-05-13,11.0069
2023-05-14,11.8515
2023-05-15,11.3285
2023-05-16,10.8454
2023-05-17,10.7069
2023-05-18,11.1369
2023-05-19,12.1285
2023-05-20,12.5131
2023-05-21,11.8392
2023-05-22,11.9962
2023-05-23,11.9792
2023-05-24,11.2231
2023-05-25,10.6885
2023-05-26,12.2515
2023-05-27,12.0562
2023-05-28,11.9738
2023-05-29,13.3615
2023-05-30,12.9215
2023-05-31,11.8923
2023-06-01,13.6838
2023-06-02,12.6231
2023-06-03,10.7185
2023-06-04,10.5854
2023-06-05,9.8877
2023-06-06,9.3154
2023-06-07,9.5523
2023-06-08,9.8831
2023-06-09,9.7508
2023-06-10,9.3746
2023-06-11,8.7808
2023-06-12,9.9762
2023-06-13,9.2923
2023-06-14,8.3846
2023-06-15,8.2785
2023-06-16,7.9569
2023-06-17,10.8262
2023-06-18,11.5846
2023-06-19,11.2177
2023-06-20,10.4138
2023-06-21,10.1477
2023-06-22,11.8546
2023-06-23,12.4308
2023-06-24,12.3446
2023-06-25,11.2777
2023-06-26,10.4615
2023-06-27,10.0485
2023-06-28,9.9662
2023-06-29,10.2862
2023-06-30,9.0515
2023-07-01,8.9185
2023-07-02,8.4877
2023-07-03,8.6069
2023-07-04,10.0046
2023-07-05,10.5577
2023-07-06,8.35
2023-07-07,7.1585
2023-07-08,9.8177
2023-07-09,10.5577
2023-07-10,9.9762
2023-07-11,9.7031
2023-07-12,9.5185
2023-07-13,10.0646
2023-07-14,11.5654
2023-07-15,11.3215
2023-07-16,11.6323
2023-07-17,10.2846
2023-07-18,11.3315
2023-07-19,11.0346
2023-07-20,9.6
2023-07-21,8.1031
2023-07-22,7.3762
2023-07-23,8.2492
2023-07-24,9.6946
2023-07-25,9.7177
2023-07-26,7.6585
2023-07-27,7.7908
2023-07-28,7.5531
2023-07-29,7.8754
2023-07-30,8.8638
2023-07-31,10.0815
2023-08-01,10.9746
2023-08-02,8.0015
2023-08-03,6.4869
2023-08-04,8.6131
2023-08-05,8.1069
2023-08-06,7.9092
2023-08-07,9.8031
2023-08-08,8.0215
2023-08-09,6.9008
2023-08-10,6.0708
2023-08-11,6.4685
2023-08-12,7.56
2023-08-13,9.8946
2023-08-14,9.6131
2023-08-15,8.2354
2023-08-16,8.4077
2023-08-17,7.76
2023-08-18,8.0592
2023-08-19,8.7177
2023-08-20,10.9485
2023-08-21,9.2477
2023-08-22,7.5715
2023-08-23,7.8354
2023-08-24,8.0546
2023-08-25,8.6354
2023-08-26,8.7346
2023-08-27,8.5908
2023-08-28,6.4415
2023-08-29,7.4731
2023-08-30,8.41
2023-08-31,9.4338
2023-09-01,9.75
2023-09-02,10.43
2023-09-03,10.1915
2023-09-04,10.8715
2023-09-05,11.5546
2023-09-06,12.6192
2023-09-07,12.1623
2023-09-08,11.8492
2023-09-09,11.7323
2023-09-10,11.56
2023-09-11,11.3062
2023-09-12,10.2577
2023-09-13,10.6085
2023-09-14,11.1392
2023-09-15,10.0885
2023-09-16,9.8715
2023-09-17,12.3292
2023-09-18,12.1477
2023-09-19,11.9123
2023-09-20,13.7062
2023-09-21,12.8454
2023-09-22,12.9123
2023-09-23,12.2054
2023-09-24,10.1192
2023-09-25,10.0369
2023-09-26,10.0031
2023-09-27,8.6962
2023-09-28,10.0538
2023-09-29,10.19
2023-09-30,8.2523
2023-10-01,10.4308
2023-10-02,12.5962
2023-10-03,8.3354
2023-10-04,9.6562
2023-10-05,12.9708
2023-10-06,12.0946
2023-10-07,11.1746
2023-10-08,9.8038
2023-10-09,10.1515
2023-10-10,11.0454
2023-10-11,9.9562
2023-10-12,11.5092
2023-10-13,12.8038
2023-10-14,12.5
2023-10-15,12.2608
2023-10-16,11.6223
2023-10-17,12.5808
2023-10-18,12.7954
2023-10-19,13.65
2023-10-20,12.8569
2023-10-21,12.4915
2023-10-22,11.0292
2023-10-23,11.3977
2023-10-24,13.4238
2023-10-25,14.2015
2023-10-26,14.3238
2023-10-27,9.8546
2023-10-28,9.2277
2023-10-29,10.68
2023-10-30,12.4862
2023-10-31,15.3646
2023-11-01,15.1031
2023-11-02,14.4515
2023-11-03,13.7885
2023-11-04,13.7015
2023-11-05,12.9438
2023-11-06,11.53
2023-11-07,11.7108
2023-11-08,11.0192
2023-11-09,11.1777
2023-11-10,10.4692
2023-11-11,11.9254
2023-11-12,13.6715
2023-11-13,14.0877
2023-11-14,13.9192
2023-11-15,14.1662
2023-11-16,14.5908
2023-11-17,14.4046
2023-11-18,13.8223
2023-11-19,14.25
2023-11-20,13.6831
2023-11-21,14.6992
2023-11-22,15.95
2023-11-23,15.12
2023-11-24,11.2762
2023-11-25,11.2723
2023-11-26,12.3738
2023-11-27,13.3669
2023-11-28,14.7246
2023-11-29,12.6992
2023-11-30,12.82
2023-12-01,13.1431
2023-12-02,15.1362
2023-12-03,15.0415
2023-12-04,13.1454
2023-12-05,13.7
2023-12-06,15.2846
2023-12-07,15.0085
2023-12-08,14.5585
2023-12-09,15.4823
2023-12-10,13.6431
2023-12-11,13.8715
2023-12-12,12.6131
2023-12-13,12.9392
2023-12-14,14.9946
2023-12-15,15.77
2023-12-16,16.5369
2023-12-17,16.8569
2023-12-18,16.5662
2023-12-19,17.4062
2023-12-20,17.8915
2023-12-21,17.0669
2023-12-22,17.1846
2023-12-23,18.6823
2023-12-24,19.5292
2023-12-25,18.9308
2023-12-26,17.8562
2023-12-27,15.8715
2023-12-28,17.5492
2023-12-29,19.1462
2023-12-30,18.8746
2023-12-31,17.7246
2024-01-01,15.2885
2024-01-02,15.7108
2024-01-03,17.0346
2024-01-04,17.0754
2024-01-05,15.5708
2024-01-06,15.1338
2024-01-07,16.2608
2024-01-08,18.1208
2024-01-09,18.2462
2024-01-10,19.3585
2024-01-11,19.9331
2024-01-12,19.0262
2024-01-13,19.3131
2024-01-14,18.9323
2024-01-15,16.9492
2024-01-16,16.8477
2024-01-17,19.3215
2024-01-18,20.0831
2024-01-19,21.5577
2024-01-20,21.2423
2024-01-21,21.1831
2024-01-22,20.8092
2024-01-23,17.9423
2024-01-24,15.0669
2024-01-25,16.0746
2024-01-26,17.2346
2024-01-27,18.1438
2024-01-28,16.9746
2024-01-29,16.8769
2024-01-30,17.9015
2024-01-31,18.0608
2024-02-01,17.7915
2024-02-02,17.4508
2024-02-03,14.6354
2024-02-04,15.8315
2024-02-05,18.2423
2024-02-06,18.5908
2024-02-07,17.6946
2024-02-08,17.5508
2024-02-09,17.6338
2024-02-10,17.1885
2024-02-11,13.5315
2024-02-12,14.9046
2024-02-13,16.1292
2024-02-14,17.2615
2024-02-15,17.3146
2024-02-16,17.8477
2024-02-17,17.8523
2024-02-18,17.7815
2024-02-19,18.0923
2024-02-20,14.9362
2024-02-21,14.7985
2024-02-22,17.0592
2024-02-23,17.4508
2024-02-24,18.3315
2024-02-25,17.7
2024-02-26,16.4469
2024-02-27,16.73
2024-02-28,16.2015
2024-02-29,15.9677
2024-03-01,16.7131
2024-03-02,17.3238
2024-03-03,17.2338
2024-03-04,16.6823
2024-03-05,13.8846
2024-03-06,13.7523
2024-03-07,15.0538
2024-03-08,15.7269
2024-03-09,15.07
2024-03-10,14.8062
2024-03-11,15.6854
2024-03-12,15.9077
2024-03-13,15.48
2024-03-14,14.8077
2024-03-15,13.4731
2024-03-16,12.0446
2024-03-17,13.9715
2024-03-18,13.8354
2024-03-19,11.7777
2024-03-20,12.2792
2024-03-21,13.2338
2024-03-22,14.2477
2024-03-23,14.8469
2024-03-24,15.3085
2024-03-25,15.6792
2024-03-26,16.1785
2024-03-27,14.7985
2024-03-28,13.3277
2024-03-29,11.2585
2024-03-30,11.7931
2024-03-31,12.38
2024-04-01,12.9069
2024-04-02,13.8315
2024-04-03,15.0854
2024-04-04,15.3223
2024-04-05,13.4092
2024-04-06,12.87
2024-04-07,12.8692
2024-04-08,14.1038
2024-04-09,15.8823
2024-04-10,16.9092
2024-04-11,16.5969
2024-04-12,15.9869
2024-04-13,13.4892
2024-04-14,12.5462
2024-04-15,13.2923
2024-04-16,14.0177
2024-04-17,14.2438
2024-04-18,13.7192
2024-04-19,13.5823
2024-04-20,13.5562
2024-04-21,13.6738
2024-04-22,12.2746
2024-04-23,11.7831
2024-04-24,13.2892
2024-04-25,13.31
2024-04-26,12.6554
2024-04-27,10.8177
2024-04-28,11.8308
2024-04-29,12.0446
2024-04-30,12.2869
2024-05-01,12.5585
2024-05-02,11.0223
2024-05-03,11.1123
2024-05-04,10.71
2024-05-05,11.1738
2024-05-06,11.9231
2024-05-07,8.9585
2024-05-08,8.7331
2024-05-09,7.5277
2024-05-10,7.7123
2024-05-11,8.4485
2024-05-12,9.5231
2024-05-13,10.3838
2024-05-14,9.8369
2024-05-15,11.8077
2024-05-16,11.6585
2024-05-17,10.7454
2024-05-18,10.6577
2024-05-19,9.6162
2024-05-20,10.2177
2024-05-21,11.7046
2024-05-22,10.5054
2024-05-23,9.6269
2024-05-24,9.1208
2024-05-25,9.7646
2024-05-26,10.3215
2024-05-27,9.2862
2024-05-28,9.6992
2024-05-29,9.42
2024-05-30,9.5954
2024-05-31,12.4346
2024-06-01,12.6685
2024-06-02,11.6554
2024-06-03,10.7246
2024-06-04,9.11
2024-06-05,9.7
2024-06-06,10.4669
2024-06-07,10.6254
2024-06-08,10.4054
2024-06-09,11.9585
2024-06-10,12.8946
2024-06-11,10.0738
2024-06-12,8.4708
2024-06-13,8.64
2024-06-14,11.3392
2024-06-15,10.5762
2024-06-16,10.2615
2024-06-17,10.6369
2024-06-18,10.1238
2024-06-19,8.6838
2024-06-20,8.9162
2024-06-21,8.4131
2024-06-22,8.9115
2024-06-23,9.6069
2024-06-24,10.2531
2024-06-25,10.4331
2024-06-26,9.9823
2024-06-27,9.3146
2024-06-28,8.7708
2024-06-29,9.4692
2024-06-30,8.9077
2024-07-01,10.7469
2024-07-02,8.8215
2024-07-03,7.1062
2024-07-04,6.8154
2024-07-05,7.66
2024-07-06,8.0646
2024-07-07,8.5385
2024-07-08,8.4585
2024-07-09,7.3462
2024-07-10,8.1146
2024-07-11,8.1485
2024-07-12,7.1315
2024-07-13,8.2531
2024-07-14,8.3392
2024-07-15,8.6462
2024-07-16,10.4069
2024-07-17,9.6069
2024-07-18,9.67
2024-07-19,9.5023
2024-07-20,10.3108
2024-07-21,10.0469
2024-07-22,8.6285
2024-07-23,8.3246
2024-07-24,8.8808
2024-07-25,9.7292
2024-07-26,10.0931
2024-07-27,10.8846
2024-07-28,10.5192
2024-07-29,10.4462
2024-07-30,9.7231
2024-07-31,7.6915
2024-08-01,7.2262
2024-08-02,7.0438
2024-08-03,6.3862
2024-08-04,6.5585
2024-08-05,8.1323
2024-08-06,8.9285
2024-08-07,8.5623
2024-08-08,9.2969
2024-08-09,9.0062
2024-08-10,9.2562
2024-08-11,9.5577
2024-08-12,10.0185
2024-08-13,7.3431
2024-08-14,8.0715
2024-08-15,10.2762
2024-08-16,10.9746
2024-08-17,11.3038
2024-08-18,11.6292
2024-08-19,7.6769
2024-08-20,7.2931
2024-08-21,8.3231
2024-08-22,9.2908
2024-08-23,10.7
2024-08-24,11.4554
2024-08-25,10.5446
2024-08-26,10.9092
2024-08-27,12.0569
2024-08-28,11.7515
2024-08-29,12.5754
2024-08-30,11.2385
2024-08-31,12.9631
2024-09-01,13.0223
2024-09-02,12.4662
2024-09-03,12.1685
2024-09-04,9.1
2024-09-05,9.2092
2024-09-06,11.2731
2024-09-07,12.7877
2024-09-08,10.5238
2024-09-09,11.0538
2024-09-10,11.4854
2024-09-11,9.2954
2024-09-12,10.1154
2024-09-13,10.3423
2024-09-14,10.1508
2024-09-15,9.5892
2024-09-16,9.4692
2024-09-17,7.1492
2024-09-18,8.1046
2024-09-19,10.8815
2024-09-20,10.7277
2024-09-21,10.6462
2024-09-22,11.1215
2024-09-23,11.4269
2024-09-24,11.1692
2024-09-25,9.6777
2024-09-26,10.96
2024-09-27,10.0192
2024-09-28,9.9469
2024-09-29,11.23
2024-09-30,11.3569
2024-10-01,12.2185
2024-10-02,12.4015
2024-10-03,12.2146
2024-10-04,11.7092
2024-10-05,12.6138
2024-10-06,13.0877
2024-10-07,13.1246
2024-10-08,12.6238
2024-10-09,11.1192
2024-10-10,9.7146
2024-10-11,10.4615
2024-10-12,11.5354
2024-10-13,10.8746
2024-10-14,10.2677
2024-10-15,10.0385
2024-10-16,9.0931
2024-10-17,10.8008
2024-10-18,12.8023
2024-10-19,13.48
2024-10-20,13.5723
2024-10-21,13.0169
2024-10-22,13.8669
2024-10-23,14.0854
2024-10-24,14.4169
2024-10-25,15.1185
2024-10-26,14.5154
2024-10-27,12.82
2024-10-28,11.3962
2024-10-29,12.3285
2024-10-30,11.1062
2024-10-31,12.8723
2024-11-01,13.48
2024-11-02,12.8731
2024-11-03,9.4123
2024-11-04,10.8838
2024-11-05,13.3738
2024-11-06,14.3908
2024-11-07,15.58
2024-11-08,15.52
2024-11-09,15.8277
2024-11-10,15.1408
2024-11-11,13.4915
2024-11-12,13.5046
2024-11-13,14.9569
2024-11-14,16.0715
2024-11-15,15.2662
2024-11-16,11.6054
2024-11-17,11.1508
2024-11-18,13.0777
2024-11-19,13.7769
2024-11-20,13.5615
2024-11-21,11.9654
2024-11-22,11.8869
2024-11-23,12.2577
2024-11-24,13.0931
2024-11-25,14.4885
2024-11-26,15.5246
2024-11-27,15.6392
2024-11-28,15.8546
2024-11-29,14.2108
2024-11-30,13.7408
2024-12-01,15.9385
2024-12-02,16.7923
2024-12-03,17.7846
2024-12-04,17.9069
2024-12-05,17.1446
2024-12-06,15.72
2024-12-07,16.0785
2024-12-08,16.7523
2024-12-09,16.5177
2024-12-10,15.5115
2024-12-11,15.6869
2024-12-12,16.3677
2024-12-13,17.0331
2024-12-14,17.6646
2024-12-15,17.8646
2024-12-16,16.2746
2024-12-17,13.2485
2024-12-18,14.0377
2024-12-19,15.5008
2024-12-20,16.3477
2024-12-21,17.2715
2024-12-22,17.1692
2024-12-23,16.9377
2024-12-24,17.5392
2024-12-25,17.5731
2024-12-26,16.3046
2024-12-27,15.0531
2024-12-28,15.7777
2024-12-29,17.0515
2024-12-30,16.6715
2024-12-31,14.5938
