DATE,Avg_PS
2015-01-01,99.9908
2015-01-02,100.4462
2015-01-03,100.7838
2015-01-04,100.6023
2015-01-05,100.3746
2015-01-06,100.3531
2015-01-07,100.3262
2015-01-08,100.6362
2015-01-09,100.6169
2015-01-10,100.4185
2015-01-11,99.8385
2015-01-12,99.8308
2015-01-13,99.8777
2015-01-14,99.7323
2015-01-15,99.4177
2015-01-16,99.0954
2015-01-17,98.8285
2015-01-18,98.7708
2015-01-19,99.0738
2015-01-20,99.9985
2015-01-21,100.6123
2015-01-22,100.7646
2015-01-23,100.55
2015-01-24,100.5723
2015-01-25,100.5085
2015-01-26,100.0323
2015-01-27,99.7885
2015-01-28,99.7477
2015-01-29,99.8508
2015-01-30,99.9162
2015-01-31,99.8862
2015-02-01,99.5477
2015-02-02,98.9315
2015-02-03,98.8269
2015-02-04,98.7492
2015-02-05,98.6362
2015-02-06,98.8554
2015-02-07,99.8985
2015-02-08,100.1215
2015-02-09,100.1269
2015-02-10,101.3877
2015-02-11,101.62
2015-02-12,101.0823
2015-02-13,100.6423
2015-02-14,100.9869
2015-02-15,101.1338
2015-02-16,101.0408
2015-02-17,100.9631
2015-02-18,100.8546
2015-02-19,100.55
2015-02-20,100.5638
2015-02-21,100.41
2015-02-22,100.7292
2015-02-23,100.8715
2015-02-24,100.4208
2015-02-25,99.8454
2015-02-26,99.8962
2015-02-27,99.7508
2015-02-28,100.0446
2015-03-01,100.2277
2015-03-02,100.0646
2015-03-03,100.0277
2015-03-04,99.6492
2015-03-05,99.1185
2015-03-06,98.24
2015-03-07,98.1762
2015-03-08,98.9262
2015-03-09,99.8438
2015-03-10,100.1015
2015-03-11,100.3208
2015-03-12,100.0908
2015-03-13,99.8577
2015-03-14,100.12
2015-03-15,99.3177
2015-03-16,98.3215
2015-03-17,98.4692
2015-03-18,99.3746
2015-03-19,100.2738
2015-03-20,100.8677
2015-03-21,100.7569
2015-03-22,100.7115
2015-03-23,100.5023
2015-03-24,100.1792
2015-03-25,100.2915
2015-03-26,100.1938
2015-03-27,100.1177
2015-03-28,99.7685
2015-03-29,99.3431
2015-03-30,99.7092
2015-03-31,100.3946
2015-04-01,101.0346
2015-04-02,100.9538
2015-04-03,100.82
2015-04-04,100.1862
2015-04-05,100.6254
2015-04-06,100.5815
2015-04-07,100.4262
2015-04-08,100.2015
2015-04-09,100.2023
2015-04-10,99.1723
2015-04-11,99.3108
2015-04-12,98.6654
2015-04-13,97.5838
2015-04-14,98.7754
2015-04-15,99.8246
2015-04-16,100.4977
2015-04-17,100.2915
2015-04-18,100.5692
2015-04-19,100.8869
2015-04-20,101.1177
2015-04-21,101.2615
2015-04-22,101.3946
2015-04-23,101.5531
2015-04-24,101.3031
2015-04-25,100.7
2015-04-26,99.9015
2015-04-27,98.5708
2015-04-28,98.4523
2015-04-29,98.6854
2015-04-30,99.7692
2015-05-01,100.9385
2015-05-02,101.2954
2015-05-03,101.4754
2015-05-04,101.4023
2015-05-05,100.93
2015-05-06,100.1269
2015-05-07,99.3277
2015-05-08,98.8423
2015-05-09,98.9215
2015-05-10,99.2385
2015-05-11,98.8485
2015-05-12,98.1754
2015-05-13,98.9246
2015-05-14,98.79
2015-05-15,98.1585
2015-05-16,99.3769
2015-05-17,100.4946
2015-05-18,100.1108
2015-05-19,100.4223
2015-05-20,100.3692
2015-05-21,99.5292
2015-05-22,99.7808
2015-05-23,98.8046
2015-05-24,98.2477
2015-05-25,99.0162
2015-05-26,99.4623
2015-05-27,100.1046
2015-05-28,101.0277
2015-05-29,101.1538
2015-05-30,100.6523
2015-05-31,100.3762
2015-06-01,99.8231
2015-06-02,98.6831
2015-06-03,97.8146
2015-06-04,98.2508
2015-06-05,99.6354
2015-06-06,100.3
2015-06-07,100.48
2015-06-08,100.6723
2015-06-09,100.3746
2015-06-10,99.9515
2015-06-11,99.8792
2015-06-12,99.2246
2015-06-13,99.29
2015-06-14,99.4515
2015-06-15,99.8077
2015-06-16,100.6108
2015-06-17,100.8846
2015-06-18,100.2346
2015-06-19,99.5192
2015-06-20,99.0615
2015-06-21,99.15
2015-06-22,100.65
2015-06-23,101.54
2015-06-24,101.03
2015-06-25,100.3762
2015-06-26,99.7792
2015-06-27,99.9154
2015-06-28,99.7546
2015-06-29,99.5015
2015-06-30,99.8831
2015-07-01,100.1746
2015-07-02,100.0
2015-07-03,99.1785
2015-07-04,99.2862
2015-07-05,98.8385
2015-07-06,98.7823
2015-07-07,98.7123
2015-07-08,99.3362
2015-07-09,100.1708
2015-07-10,100.7385
2015-07-11,100.9992
2015-07-12,101.3231
2015-07-13,101.4392
2015-07-14,100.8708
2015-07-15,100.0154
2015-07-16,99.8154
2015-07-17,99.7046
2015-07-18,98.3054
2015-07-19,98.9577
2015-07-20,99.8931
2015-07-21,100.8823
2015-07-22,101.6577
2015-07-23,101.6131
2015-07-24,101.5392
2015-07-25,101.3962
2015-07-26,100.4831
2015-07-27,99.7077
2015-07-28,98.78
2015-07-29,99.6331
2015-07-30,100.7215
2015-07-31,100.5085
2015-08-01,100.3654
2015-08-02,100.3023
2015-08-03,99.8985
2015-08-04,99.4546
2015-08-05,99.7623
2015-08-06,98.3738
2015-08-07,97.6946
2015-08-08,98.3092
2015-08-09,99.5269
2015-08-10,100.1615
2015-08-11,100.4069
2015-08-12,100.3715
2015-08-13,100.25
2015-08-14,99.4177
2015-08-15,99.0446
2015-08-16,99.7123
2015-08-17,100.2092
2015-08-18,100.1731
2015-08-19,99.4592
2015-08-20,100.2885
2015-08-21,101.0954
2015-08-22,101.3162
2015-08-23,101.0131
2015-08-24,100.4962
2015-08-25,100.1077
2015-08-26,100.9838
2015-08-27,101.68
2015-08-28,101.3962
2015-08-29,100.7469
2015-08-30,100.1585
2015-08-31,100.3362
2015-09-01,99.5862
2015-09-02,98.5385
2015-09-03,98.7215
2015-09-04,99.0338
2015-09-05,98.6854
2015-09-06,98.9031
2015-09-07,99.7569
2015-09-08,100.2685
2015-09-09,100.2531
2015-09-10,99.1808
2015-09-11,99.4162
2015-09-12,100.1192
2015-09-13,100.4154
2015-09-14,100.8354
2015-09-15,100.0785
2015-09-16,99.8915
2015-09-17,99.7854
2015-09-18,99.5446
2015-09-19,100.0623
2015-09-20,100.1208
2015-09-21,99.8023
2015-09-22,99.2062
2015-09-23,99.2331
2015-09-24,99.8031
2015-09-25,99.9515
2015-09-26,100.7923
2015-09-27,100.9262
2015-09-28,100.8569
2015-09-29,101.4262
2015-09-30,101.3423
2015-10-01,100.69
2015-10-02,99.6108
2015-10-03,99.6269
2015-10-04,99.0892
2015-10-05,99.8362
2015-10-06,100.5723
2015-10-07,100.4423
2015-10-08,100.5315
2015-10-09,100.9262
2015-10-10,100.5008
2015-10-11,100.2223
2015-10-12,99.9069
2015-10-13,99.81
2015-10-14,100.3623
2015-10-15,100.6438
2015-10-16,100.3746
2015-10-17,100.3908
2015-10-18,99.8962
2015-10-19,99.7308
2015-10-20,100.1492
2015-10-21,99.6938
2015-10-22,99.48
2015-10-23,99.5046
2015-10-24,99.8238
2015-10-25,100.0446
2015-10-26,99.9738
2015-10-27,100.1877
2015-10-28,100.0031
2015-10-29,99.2062
2015-10-30,99.7238
2015-10-31,100.0762
2015-11-01,100.5654
2015-11-02,100.2177
2015-11-03,99.6085
2015-11-04,99.7731
2015-11-05,100.4746
2015-11-06,100.4054
2015-11-07,99.8915
2015-11-08,99.5385
2015-11-09,99.6854
2015-11-10,99.3969
2015-11-11,99.6323
2015-11-12,100.7423
2015-11-13,101.0285
2015-11-14,100.0469
2015-11-15,99.5185
2015-11-16,99.3738
2015-11-17,99.0315
2015-11-18,99.9369
2015-11-19,100.3792
2015-11-20,99.2585
2015-11-21,98.5777
2015-11-22,98.7685
2015-11-23,99.7685
2015-11-24,99.9631
2015-11-25,100.1715
2015-11-26,100.0177
2015-11-27,99.51
2015-11-28,99.6385
2015-11-29,100.6492
2015-11-30,101.1785
2015-12-01,101.1723
2015-12-02,100.9169
2015-12-03,100.3708
2015-12-04,100.1577
2015-12-05,99.6146
2015-12-06,99.68
2015-12-07,99.4808
2015-12-08,99.7115
2015-12-09,100.1254
2015-12-10,99.5677
2015-12-11,99.4815
2015-12-12,99.0569
2015-12-13,99.1662
2015-12-14,99.7862
2015-12-15,99.49
2015-12-16,99.2585
2015-12-17,99.4054
2015-12-18,99.4277
2015-12-19,99.7292
2015-12-20,100.1792
2015-12-21,99.9508
2015-12-22,99.7546
2015-12-23,100.1954
2015-12-24,100.0492
2015-12-25,100.1715
2015-12-26,100.6231
2015-12-27,100.6323
2015-12-28,99.9077
2015-12-29,99.0292
2015-12-30,99.1723
2015-12-31,100.4431
2016-01-01,100.6023
2016-01-02,99.8685
2016-01-03,99.2046
2016-01-04,100.4231
2016-01-05,100.7377
2016-01-06,100.7969
2016-01-07,100.2492
2016-01-08,98.5577
2016-01-09,98.86
2016-01-10,99.2946
2016-01-11,100.2485
2016-01-12,99.8638
2016-01-13,100.0177
2016-01-14,100.3992
2016-01-15,99.9277
2016-01-16,100.0931
2016-01-17,100.0654
2016-01-18,99.8631
2016-01-19,99.5746
2016-01-20,99.8969
2016-01-21,100.2192
2016-01-22,100.1131
2016-01-23,99.9262
2016-01-24,99.9208
2016-01-25,99.9623
2016-01-26,100.01
2016-01-27,100.04
2016-01-28,99.6469
2016-01-29,99.8762
2016-01-30,100.29
2016-01-31,100.5015
2016-02-01,100.3331
2016-02-02,100.2623
2016-02-03,100.2531
2016-02-04,99.88
2016-02-05,99.4546
2016-02-06,99.6115
2016-02-07,100.0546
2016-02-08,99.8531
2016-02-09,99.3754
2016-02-10,99.6915
2016-02-11,99.9538
2016-02-12,100.28
2016-02-13,100.4208
2016-02-14,100.3008
2016-02-15,100.2562
2016-02-16,99.9477
2016-02-17,99.1446
2016-02-18,98.7438
2016-02-19,99.2308
2016-02-20,99.9923
2016-02-21,100.4277
2016-02-22,100.7
2016-02-23,100.3615
2016-02-24,100.1454
2016-02-25,100.0892
2016-02-26,99.9969
2016-02-27,99.9531
2016-02-28,99.87
2016-02-29,99.8569
2016-03-01,100.57
2016-03-02,101.0054
2016-03-03,101.1423
2016-03-04,100.9346
2016-03-05,100.6538
2016-03-06,100.5285
2016-03-07,100.3169
2016-03-08,100.1431
2016-03-09,100.6985
2016-03-10,99.8954
2016-03-11,100.7623
2016-03-12,101.4377
2016-03-13,101.1769
2016-03-14,100.5415
2016-03-15,100.14
2016-03-16,100.59
2016-03-17,100.7185
2016-03-18,100.5708
2016-03-19,100.5654
2016-03-20,100.6454
2016-03-21,100.5731
2016-03-22,100.5038
2016-03-23,100.1562
2016-03-24,99.5177
2016-03-25,100.1123
2016-03-26,99.9769
2016-03-27,99.6254
2016-03-28,99.99
2016-03-29,100.2462
2016-03-30,100.7823
2016-03-31,100.8331
2016-04-01,100.5123
2016-04-02,100.0631
2016-04-03,99.7354
2016-04-04,100.0246
2016-04-05,100.4838
2016-04-06,100.5554
2016-04-07,99.96
2016-04-08,99.9292
2016-04-09,100.5515
2016-04-10,100.4262
2016-04-11,99.7854
2016-04-12,99.7854
2016-04-13,100.6285
2016-04-14,100.9908
2016-04-15,100.9631
2016-04-16,100.6231
2016-04-17,100.1138
2016-04-18,100.2208
2016-04-19,100.9238
2016-04-20,101.1308
2016-04-21,101.4246
2016-04-22,101.0346
2016-04-23,100.0138
2016-04-24,99.7662
2016-04-25,100.0838
2016-04-26,100.2477
2016-04-27,100.8438
2016-04-28,101.1231
2016-04-29,100.9023
2016-04-30,101.2931
2016-05-01,100.9931
2016-05-02,100.3385
2016-05-03,100.3508
2016-05-04,100.4015
2016-05-05,100.5362
2016-05-06,100.7877
2016-05-07,100.9731
2016-05-08,100.8631
2016-05-09,100.4508
2016-05-10,100.0592
2016-05-11,98.8592
2016-05-12,98.6646
2016-05-13,99.0338
2016-05-14,99.6462
2016-05-15,99.7323
2016-05-16,99.0162
2016-05-17,99.6777
2016-05-18,98.7462
2016-05-19,98.7738
2016-05-20,98.3615
2016-05-21,98.0192
2016-05-22,98.3362
2016-05-23,97.7892
2016-05-24,97.7377
2016-05-25,97.5485
2016-05-26,98.1362
2016-05-27,99.0008
2016-05-28,97.9777
2016-05-29,97.9985
2016-05-30,98.7792
2016-05-31,99.1854
2016-06-01,100.2823
2016-06-02,100.8369
2016-06-03,101.1892
2016-06-04,101.5508
2016-06-05,101.9354
2016-06-06,102.1631
2016-06-07,101.7346
2016-06-08,100.8515
2016-06-09,99.8723
2016-06-10,98.9031
2016-06-11,99.4346
2016-06-12,99.5462
2016-06-13,100.9646
2016-06-14,100.99
2016-06-15,100.2638
2016-06-16,100.4315
2016-06-17,100.5708
2016-06-18,100.4585
2016-06-19,100.7985
2016-06-20,100.9592
2016-06-21,100.4423
2016-06-22,99.3446
2016-06-23,98.2954
2016-06-24,99.1638
2016-06-25,99.09
2016-06-26,98.0338
2016-06-27,98.3708
2016-06-28,99.5785
2016-06-29,99.8015
2016-06-30,99.5592
2016-07-01,100.4431
2016-07-02,100.4292
2016-07-03,100.2369
2016-07-04,100.13
2016-07-05,100.4123
2016-07-06,100.5169
2016-07-07,100.45
2016-07-08,100.0915
2016-07-09,100.3985
2016-07-10,100.7169
2016-07-11,101.0862
2016-07-12,100.8654
2016-07-13,99.8569
2016-07-14,98.5585
2016-07-15,98.6054
2016-07-16,99.37
2016-07-17,99.1523
2016-07-18,99.4669
2016-07-19,98.6015
2016-07-20,98.8338
2016-07-21,99.9585
2016-07-22,99.9892
2016-07-23,98.2123
2016-07-24,97.3338
2016-07-25,98.8769
2016-07-26,99.3569
2016-07-27,99.4315
2016-07-28,98.3446
2016-07-29,98.3892
2016-07-30,98.5638
2016-07-31,98.6677
2016-08-01,98.7477
2016-08-02,99.1315
2016-08-03,98.8262
2016-08-04,98.9877
2016-08-05,98.8846
2016-08-06,99.34
2016-08-07,99.5954
2016-08-08,99.9808
2016-08-09,100.7985
2016-08-10,101.0569
2016-08-11,100.8038
2016-08-12,100.2792
2016-08-13,99.9469
2016-08-14,100.0354
2016-08-15,100.2631
2016-08-16,100.8631
2016-08-17,100.8385
2016-08-18,101.05
2016-08-19,101.3977
2016-08-20,101.25
2016-08-21,100.8692
2016-08-22,100.2977
2016-08-23,100.2823
2016-08-24,100.0823
2016-08-25,99.3562
2016-08-26,98.2562
2016-08-27,99.1746
2016-08-28,99.9692
2016-08-29,99.4454
2016-08-30,100.1692
2016-08-31,101.0685
2016-09-01,100.5
2016-09-02,99.9238
2016-09-03,100.0569
2016-09-04,99.6662
2016-09-05,99.0431
2016-09-06,100.1862
2016-09-07,99.5562
2016-09-08,100.31
2016-09-09,100.8838
2016-09-10,100.78
2016-09-11,100.6754
2016-09-12,100.5569
2016-09-13,100.6908
2016-09-14,100.5823
2016-09-15,100.57
2016-09-16,100.1008
2016-09-17,99.4838
2016-09-18,99.2454
2016-09-19,99.9108
2016-09-20,100.1238
2016-09-21,100.0669
2016-09-22,100.0562
2016-09-23,100.0077
2016-09-24,99.7931
2016-09-25,99.4685
2016-09-26,99.3654
2016-09-27,99.2446
2016-09-28,99.1062
2016-09-29,99.4931
2016-09-30,100.0469
2016-10-01,100.0369
2016-10-02,99.2654
2016-10-03,99.0108
2016-10-04,98.6854
2016-10-05,98.0508
2016-10-06,97.8662
2016-10-07,98.4585
2016-10-08,98.9777
2016-10-09,99.4708
2016-10-10,100.0146
2016-10-11,99.3677
2016-10-12,98.6954
2016-10-13,99.27
2016-10-14,99.0354
2016-10-15,99.21
2016-10-16,99.4854
2016-10-17,99.8792
2016-10-18,99.8346
2016-10-19,99.6723
2016-10-20,99.9469
2016-10-21,100.3585
2016-10-22,100.3492
2016-10-23,100.2546
2016-10-24,100.01
2016-10-25,99.4908
2016-10-26,99.3369
2016-10-27,99.71
2016-10-28,99.4431
2016-10-29,100.0777
2016-10-30,100.6977
2016-10-31,100.5069
2016-11-01,99.7008
2016-11-02,99.0538
2016-11-03,98.8577
2016-11-04,98.8677
2016-11-05,98.9054
2016-11-06,98.7808
2016-11-07,98.5923
2016-11-08,99.2569
2016-11-09,99.6738
2016-11-10,99.4892
2016-11-11,98.8646
2016-11-12,98.2731
2016-11-13,99.1531
2016-11-14,99.2985
2016-11-15,98.3762
2016-11-16,97.8123
2016-11-17,97.8177
2016-11-18,98.9038
2016-11-19,98.8108
2016-11-20,99.6192
2016-11-21,100.3462
2016-11-22,100.4738
2016-11-23,100.0992
2016-11-24,99.8885
2016-11-25,98.7538
2016-11-26,98.3177
2016-11-27,97.9777
2016-11-28,98.7854
2016-11-29,99.2454
2016-11-30,99.6062
2016-12-01,99.8815
2016-12-02,99.8608
2016-12-03,99.8477
2016-12-04,100.0785
2016-12-05,100.3492
2016-12-06,100.2038
2016-12-07,99.7985
2016-12-08,99.5038
2016-12-09,99.4531
2016-12-10,98.8462
2016-12-11,99.1815
2016-12-12,99.5723
2016-12-13,99.8762
2016-12-14,99.3292
2016-12-15,99.05
2016-12-16,99.8523
2016-12-17,100.26
2016-12-18,99.7585
2016-12-19,99.59
2016-12-20,100.4023
2016-12-21,100.1285
2016-12-22,99.2985
2016-12-23,98.8869
2016-12-24,99.3715
2016-12-25,99.8685
2016-12-26,100.1992
2016-12-27,99.7669
2016-12-28,99.71
2016-12-29,99.5338
2016-12-30,99.7115
2016-12-31,99.4977
2017-01-01,99.0292
2017-01-02,99.5385
2017-01-03,99.1669
2017-01-04,99.3392
2017-01-05,100.1746
2017-01-06,99.7246
2017-01-07,99.4038
2017-01-08,99.1323
2017-01-09,99.1731
2017-01-10,99.48
2017-01-11,99.4392
2017-01-12,98.8223
2017-01-13,99.0377
2017-01-14,99.1354
2017-01-15,98.5677
2017-01-16,99.3615
2017-01-17,99.5654
2017-01-18,98.8454
2017-01-19,97.73
2017-01-20,99.0408
2017-01-21,99.3254
2017-01-22,97.6
2017-01-23,98.76
2017-01-24,99.7646
2017-01-25,99.1354
2017-01-26,99.3669
2017-01-27,99.5808
2017-01-28,100.3177
2017-01-29,100.1246
2017-01-30,100.2546
2017-01-31,99.8523
2017-02-01,99.7392
2017-02-02,99.59
2017-02-03,99.4738
2017-02-04,99.8831
2017-02-05,100.1631
2017-02-06,99.7769
2017-02-07,100.0023
2017-02-08,100.7938
2017-02-09,100.6792
2017-02-10,99.6377
2017-02-11,99.0838
2017-02-12,98.1708
2017-02-13,98.0146
2017-02-14,99.0623
2017-02-15,99.7985
2017-02-16,100.0862
2017-02-17,100.1608
2017-02-18,100.39
2017-02-19,100.6908
2017-02-20,100.9354
2017-02-21,100.6485
2017-02-22,100.2777
2017-02-23,100.6715
2017-02-24,100.4823
2017-02-25,99.9323
2017-02-26,100.5346
2017-02-27,101.3938
2017-02-28,101.6585
2017-03-01,101.3015
2017-03-02,100.8731
2017-03-03,100.21
2017-03-04,99.8962
2017-03-05,99.79
2017-03-06,99.6477
2017-03-07,99.5746
2017-03-08,100.2223
2017-03-09,100.5031
2017-03-10,100.0869
2017-03-11,99.1831
2017-03-12,98.7677
2017-03-13,99.7185
2017-03-14,100.4054
2017-03-15,101.1192
2017-03-16,101.1854
2017-03-17,100.9762
2017-03-18,101.0162
2017-03-19,100.9615
2017-03-20,100.0592
2017-03-21,99.9692
2017-03-22,99.7677
2017-03-23,100.2585
2017-03-24,99.9015
2017-03-25,100.0923
2017-03-26,100.0238
2017-03-27,99.6269
2017-03-28,99.8469
2017-03-29,99.78
2017-03-30,100.0269
2017-03-31,100.2954
2017-04-01,100.2169
2017-04-02,100.1738
2017-04-03,100.5392
2017-04-04,100.6369
2017-04-05,99.4954
2017-04-06,99.0915
2017-04-07,100.3562
2017-04-08,101.2885
2017-04-09,101.2385
2017-04-10,100.8185
2017-04-11,100.4223
2017-04-12,99.8631
2017-04-13,99.2685
2017-04-14,98.5438
2017-04-15,98.8877
2017-04-16,99.6092
2017-04-17,100.0108
2017-04-18,100.71
2017-04-19,100.4277
2017-04-20,100.7169
2017-04-21,101.2377
2017-04-22,101.3454
2017-04-23,100.9062
2017-04-24,100.2946
2017-04-25,100.4154
2017-04-26,100.2969
2017-04-27,100.24
2017-04-28,99.7185
2017-04-29,99.3262
2017-04-30,98.5085
2017-05-01,99.8723
2017-05-02,100.4046
2017-05-03,99.8246
2017-05-04,99.8092
2017-05-05,100.6623
2017-05-06,101.1208
2017-05-07,101.2131
2017-05-08,101.01
2017-05-09,100.9185
2017-05-10,100.9808
2017-05-11,100.0546
2017-05-12,99.5377
2017-05-13,100.3992
2017-05-14,100.8592
2017-05-15,100.9415
2017-05-16,100.8462
2017-05-17,99.7638
2017-05-18,99.0462
2017-05-19,99.4354
2017-05-20,99.48
2017-05-21,100.9308
2017-05-22,101.3054
2017-05-23,100.4638
2017-05-24,100.3769
2017-05-25,100.4992
2017-05-26,100.1515
2017-05-27,99.8877
2017-05-28,100.2792
2017-05-29,100.4231
2017-05-30,100.0123
2017-05-31,99.9608
2017-06-01,100.2862
2017-06-02,100.1569
2017-06-03,99.7523
2017-06-04,99.7992
2017-06-05,100.0638
2017-06-06,100.0646
2017-06-07,100.2508
2017-06-08,100.6792
2017-06-09,100.43
2017-06-10,100.1223
2017-06-11,100.5131
2017-06-12,100.2162
2017-06-13,99.4592
2017-06-14,99.9246
2017-06-15,100.3654
2017-06-16,100.7423
2017-06-17,101.2969
2017-06-18,101.24
2017-06-19,101.2023
2017-06-20,101.3031
2017-06-21,100.9046
2017-06-22,100.3062
2017-06-23,98.9008
2017-06-24,98.1331
2017-06-25,99.0415
2017-06-26,99.9892
2017-06-27,100.2954
2017-06-28,100.7915
2017-06-29,100.9046
2017-06-30,100.5292
2017-07-01,99.9592
2017-07-02,99.3323
2017-07-03,99.2723
2017-07-04,99.5223
2017-07-05,100.0354
2017-07-06,99.7746
2017-07-07,99.3277
2017-07-08,99.3631
2017-07-09,98.9231
2017-07-10,99.5815
2017-07-11,99.6523
2017-07-12,99.6815
2017-07-13,99.6262
2017-07-14,100.1062
2017-07-15,100.6608
2017-07-16,100.7031
2017-07-17,100.5054
2017-07-18,100.4308
2017-07-19,99.7015
2017-07-20,98.2692
2017-07-21,96.8138
2017-07-22,97.5738
2017-07-23,98.9208
2017-07-24,98.8192
2017-07-25,98.93
2017-07-26,99.2008
2017-07-27,98.9592
2017-07-28,99.7023
2017-07-29,100.6877
2017-07-30,101.1454
2017-07-31,100.9308
2017-08-01,100.6269
2017-08-02,100.5477
2017-08-03,100.5792
2017-08-04,100.9246
2017-08-05,100.9492
2017-08-06,100.4754
2017-08-07,100.6038
2017-08-08,100.3169
2017-08-09,99.0885
2017-08-10,98.4785
2017-08-11,98.5062
2017-08-12,98.8069
2017-08-13,99.1908
2017-08-14,99.0992
2017-08-15,99.1485
2017-08-16,99.39
2017-08-17,98.9023
2017-08-18,98.51
2017-08-19,97.5346
2017-08-20,97.7423
2017-08-21,99.0862
2017-08-22,100.3538
2017-08-23,100.9369
2017-08-24,101.1046
2017-08-25,101.2362
2017-08-26,101.11
2017-08-27,100.5015
2017-08-28,99.7885
2017-08-29,99.9808
2017-08-30,99.8685
2017-08-31,99.5585
2017-09-01,99.7038
2017-09-02,99.4015
2017-09-03,99.4062
2017-09-04,99.6169
2017-09-05,99.5454
2017-09-06,98.8746
2017-09-07,98.1662
2017-09-08,98.3346
2017-09-09,97.4423
2017-09-10,97.3992
2017-09-11,98.4308
2017-09-12,98.8838
2017-09-13,99.0815
2017-09-14,99.3015
2017-09-15,99.1685
2017-09-16,98.9731
2017-09-17,99.1654
2017-09-18,98.7308
2017-09-19,99.4438
2017-09-20,99.5754
2017-09-21,99.2731
2017-09-22,99.3685
2017-09-23,99.7715
2017-09-24,99.6777
2017-09-25,99.2931
2017-09-26,98.8715
2017-09-27,99.5515
2017-09-28,99.6538
2017-09-29,99.08
2017-09-30,98.7531
2017-10-01,97.8338
2017-10-02,98.7177
2017-10-03,100.0323
2017-10-04,100.0846
2017-10-05,100.6431
2017-10-06,100.5554
2017-10-07,100.3285
2017-10-08,100.0823
2017-10-09,99.6254
2017-10-10,98.9015
2017-10-11,99.0192
2017-10-12,100.0138
2017-10-13,99.5462
2017-10-14,99.5577
2017-10-15,99.7562
2017-10-16,100.2246
2017-10-17,100.33
2017-10-18,100.8469
2017-10-19,101.0454
2017-10-20,100.1369
2017-10-21,98.8792
2017-10-22,98.7
2017-10-23,98.9923
2017-10-24,99.1662
2017-10-25,99.2092
2017-10-26,99.2946
2017-10-27,100.2615
2017-10-28,100.8738
2017-10-29,100.9931
2017-10-30,101.11
2017-10-31,101.1792
2017-11-01,101.1892
2017-11-02,100.6608
2017-11-03,99.8685
2017-11-04,99.5154
2017-11-05,99.4146
2017-11-06,99.7408
2017-11-07,99.63
2017-11-08,99.1092
2017-11-09,99.7554
2017-11-10,99.9569
2017-11-11,100.0154
2017-11-12,99.8638
2017-11-13,100.57
2017-11-14,101.0138
2017-11-15,101.1062
2017-11-16,100.6631
2017-11-17,100.4154
2017-11-18,100.7462
2017-11-19,100.4392
2017-11-20,100.2977
2017-11-21,100.5354
2017-11-22,100.8823
2017-11-23,101.1331
2017-11-24,101.0954
2017-11-25,101.1623
2017-11-26,101.0954
2017-11-27,101.1462
2017-11-28,101.2285
2017-11-29,100.9162
2017-11-30,100.9485
2017-12-01,101.1846
2017-12-02,100.8685
2017-12-03,100.4277
2017-12-04,100.2508
2017-12-05,100.0669
2017-12-06,100.2754
2017-12-07,100.2469
2017-12-08,100.3069
2017-12-09,100.2162
2017-12-10,100.0177
2017-12-11,99.7185
2017-12-12,99.5785
2017-12-13,99.4315
2017-12-14,99.8738
2017-12-15,100.0838
2017-12-16,100.2323
2017-12-17,99.8954
2017-12-18,99.6423
2017-12-19,99.0592
2017-12-20,99.1946
2017-12-21,99.3408
2017-12-22,99.7654
2017-12-23,100.0277
2017-12-24,99.8569
2017-12-25,99.4715
2017-12-26,99.2923
2017-12-27,100.1092
2017-12-28,100.2423
2017-12-29,100.0377
2017-12-30,99.5715
2017-12-31,99.2877
2018-01-01,99.5477
2018-01-02,99.7292
2018-01-03,99.7377
2018-01-04,99.2992
2018-01-05,97.7831
2018-01-06,99.0862
2018-01-07,99.7246
2018-01-08,100.0046
2018-01-09,100.0762
2018-01-10,100.0577
2018-01-11,100.1846
2018-01-12,100.2462
2018-01-13,100.1138
2018-01-14,100.0931
2018-01-15,100.2077
2018-01-16,100.18
2018-01-17,100.0138
2018-01-18,99.8454
2018-01-19,99.9723
2018-01-20,100.0885
2018-01-21,100.2023
2018-01-22,99.9131
2018-01-23,99.8062
2018-01-24,99.79
2018-01-25,99.9115
2018-01-26,100.2885
2018-01-27,100.3169
2018-01-28,100.3315
2018-01-29,100.4669
2018-01-30,100.1669
2018-01-31,99.4685
2018-02-01,98.1315
2018-02-02,98.3808
2018-02-03,99.5054
2018-02-04,99.7638
2018-02-05,99.1292
2018-02-06,99.4631
2018-02-07,100.6092
2018-02-08,100.8438
2018-02-09,100.19
2018-02-10,99.6662
2018-02-11,99.0577
2018-02-12,99.2354
2018-02-13,99.6208
2018-02-14,99.7054
2018-02-15,99.6923
2018-02-16,99.8015
2018-02-17,99.7538
2018-02-18,99.94
2018-02-19,99.7277
2018-02-20,98.78
2018-02-21,98.8623
2018-02-22,99.32
2018-02-23,99.7485
2018-02-24,99.9223
2018-02-25,99.4062
2018-02-26,99.7546
2018-02-27,100.5154
2018-02-28,100.3008
2018-03-01,99.8862
2018-03-02,99.8177
2018-03-03,99.8008
2018-03-04,99.6708
2018-03-05,99.6085
2018-03-06,99.5631
2018-03-07,99.4892
2018-03-08,99.57
2018-03-09,100.1254
2018-03-10,100.7715
2018-03-11,100.6092
2018-03-12,99.5392
2018-03-13,98.8431
2018-03-14,99.8877
2018-03-15,99.9069
2018-03-16,99.6292
2018-03-17,100.8169
2018-03-18,101.2123
2018-03-19,101.13
2018-03-20,101.1031
2018-03-21,100.7308
2018-03-22,100.7115
2018-03-23,100.8177
2018-03-24,100.6238
2018-03-25,100.5323
2018-03-26,100.6192
2018-03-27,100.4762
2018-03-28,100.52
2018-03-29,100.3138
2018-03-30,100.15
2018-03-31,99.6346
2018-04-01,100.33
2018-04-02,100.1438
2018-04-03,99.8938
2018-04-04,99.6262
2018-04-05,99.9608
2018-04-06,99.9331
2018-04-07,99.9769
2018-04-08,99.9592
2018-04-09,99.3162
2018-04-10,98.3708
2018-04-11,99.1962
2018-04-12,99.0438
2018-04-13,99.3331
2018-04-14,99.8131
2018-04-15,99.78
2018-04-16,98.8377
2018-04-17,98.9338
2018-04-18,99.3146
2018-04-19,99.9331
2018-04-20,99.6138
2018-04-21,99.3192
2018-04-22,100.1469
2018-04-23,100.54
2018-04-24,100.22
2018-04-25,100.4092
2018-04-26,100.54
2018-04-27,100.1215
2018-04-28,99.6754
2018-04-29,99.0962
2018-04-30,98.8246
2018-05-01,99.0169
2018-05-02,100.0454
2018-05-03,100.7438
2018-05-04,101.0031
2018-05-05,100.6585
2018-05-06,99.9808
2018-05-07,100.1254
2018-05-08,100.4308
2018-05-09,100.9285
2018-05-10,100.9154
2018-05-11,100.2215
2018-05-12,100.3008
2018-05-13,100.1054
2018-05-14,100.1708
2018-05-15,99.7015
2018-05-16,98.7631
2018-05-17,99.1569
2018-05-18,99.6308
2018-05-19,99.2038
2018-05-20,98.9185
2018-05-21,98.7592
2018-05-22,98.1285
2018-05-23,97.79
2018-05-24,98.28
2018-05-25,98.5138
2018-05-26,99.3115
2018-05-27,99.4554
2018-05-28,100.2638
2018-05-29,100.7092
2018-05-30,100.6477
2018-05-31,100.6338
2018-06-01,100.9546
2018-06-02,101.0246
2018-06-03,100.1508
2018-06-04,99.03
2018-06-05,98.7015
2018-06-06,99.6169
2018-06-07,100.1446
2018-06-08,100.9238
2018-06-09,100.8354
2018-06-10,100.7531
2018-06-11,100.68
2018-06-12,99.6877
2018-06-13,99.19
2018-06-14,99.8446
2018-06-15,99.9492
2018-06-16,99.5677
2018-06-17,99.3585
2018-06-18,99.1092
2018-06-19,99.8708
2018-06-20,100.6538
2018-06-21,100.5354
2018-06-22,100.3969
2018-06-23,100.0292
2018-06-24,99.2108
2018-06-25,98.8392
2018-06-26,99.3208
2018-06-27,100.4031
2018-06-28,100.7138
2018-06-29,101.1631
2018-06-30,101.3669
2018-07-01,100.2623
2018-07-02,100.0862
2018-07-03,101.08
2018-07-04,101.1031
2018-07-05,101.0715
2018-07-06,100.4492
2018-07-07,99.5308
2018-07-08,98.56
2018-07-09,97.8192
2018-07-10,98.9685
2018-07-11,100.08
2018-07-12,100.9669
2018-07-13,101.0369
2018-07-14,100.7177
2018-07-15,100.2031
2018-07-16,99.3762
2018-07-17,99.4677
2018-07-18,99.7362
2018-07-19,99.8685
2018-07-20,100.1731
2018-07-21,99.7008
2018-07-22,99.1738
2018-07-23,99.7623
2018-07-24,100.1015
2018-07-25,99.6315
2018-07-26,99.0292
2018-07-27,99.0215
2018-07-28,98.9162
2018-07-29,98.9677
2018-07-30,99.9954
2018-07-31,99.8715
2018-08-01,100.0162
2018-08-02,100.0492
2018-08-03,100.0169
2018-08-04,100.2646
2018-08-05,100.0792
2018-08-06,99.7192
2018-08-07,99.7592
2018-08-08,99.4354
2018-08-09,99.8077
2018-08-10,100.5892
2018-08-11,100.9338
2018-08-12,100.4169
2018-08-13,99.3192
2018-08-14,98.0669
2018-08-15,98.4762
2018-08-16,98.7062
2018-08-17,98.6138
2018-08-18,99.3377
2018-08-19,99.4362
2018-08-20,98.3338
2018-08-21,97.4408
2018-08-22,98.2754
2018-08-23,98.7054
2018-08-24,99.1408
2018-08-25,99.6208
2018-08-26,100.2738
2018-08-27,100.4746
2018-08-28,100.5954
2018-08-29,99.8131
2018-08-30,99.3446
2018-08-31,98.7877
2018-09-01,98.5485
2018-09-02,97.8408
2018-09-03,99.1177
2018-09-04,100.4769
2018-09-05,100.8454
2018-09-06,100.7023
2018-09-07,100.5885
2018-09-08,100.2923
2018-09-09,99.4808
2018-09-10,99.1938
2018-09-11,99.84
2018-09-12,100.5515
2018-09-13,100.5315
2018-09-14,100.6508
2018-09-15,100.7085
2018-09-16,100.3277
2018-09-17,100.1277
2018-09-18,100.4023
2018-09-19,100.2754
2018-09-20,99.4462
2018-09-21,99.2638
2018-09-22,99.9885
2018-09-23,99.6515
2018-09-24,98.9215
2018-09-25,98.5385
2018-09-26,99.0762
2018-09-27,100.1546
2018-09-28,100.6723
2018-09-29,100.6731
2018-09-30,100.7662
2018-10-01,100.5946
2018-10-02,100.4985
2018-10-03,100.6623
2018-10-04,100.2169
2018-10-05,100.46
2018-10-06,101.0069
2018-10-07,100.73
2018-10-08,100.6015
2018-10-09,100.1115
2018-10-10,99.6631
2018-10-11,99.5246
2018-10-12,99.0046
2018-10-13,100.4962
2018-10-14,101.2777
2018-10-15,101.6877
2018-10-16,101.1892
2018-10-17,100.4223
2018-10-18,100.8577
2018-10-19,101.1777
2018-10-20,100.9331
2018-10-21,100.9646
2018-10-22,101.0238
2018-10-23,100.7977
2018-10-24,100.3138
2018-10-25,99.86
2018-10-26,99.7515
2018-10-27,99.0862
2018-10-28,98.4023
2018-10-29,97.97
2018-10-30,98.3885
2018-10-31,99.3077
2018-11-01,99.6154
2018-11-02,100.4385
2018-11-03,98.9169
2018-11-04,98.5208
2018-11-05,99.3008
2018-11-06,99.9408
2018-11-07,99.7492
2018-11-08,99.4138
2018-11-09,99.5469
2018-11-10,100.3977
2018-11-11,100.7585
2018-11-12,100.7169
2018-11-13,100.7769
2018-11-14,101.0269
2018-11-15,100.8746
2018-11-16,100.4154
2018-11-17,99.9285
2018-11-18,99.1846
2018-11-19,99.0346
2018-11-20,98.9715
2018-11-21,99.1069
2018-11-22,99.1254
2018-11-23,99.4408
2018-11-24,99.1746
2018-11-25,98.6977
2018-11-26,98.7308
2018-11-27,98.6515
2018-11-28,98.9708
2018-11-29,99.7723
2018-11-30,99.9085
2018-12-01,99.5715
2018-12-02,99.15
2018-12-03,98.5523
2018-12-04,98.3508
2018-12-05,98.7923
2018-12-06,99.7046
2018-12-07,100.6015
2018-12-08,100.4846
2018-12-09,100.0638
2018-12-10,99.9838
2018-12-11,99.8377
2018-12-12,99.7592
2018-12-13,100.0069
2018-12-14,100.3169
2018-12-15,100.6523
2018-12-16,100.9431
2018-12-17,100.6385
2018-12-18,99.6808
2018-12-19,99.1015
2018-12-20,98.6838
2018-12-21,98.5762
2018-12-22,99.0123
2018-12-23,99.7231
2018-12-24,100.0115
2018-12-25,99.0815
2018-12-26,99.4415
2018-12-27,100.04
2018-12-28,100.4423
2018-12-29,100.4315
2018-12-30,100.1877
2018-12-31,100.0
2019-01-01,99.7123
2019-01-02,99.36
2019-01-03,99.3262
2019-01-04,99.7946
2019-01-05,99.9215
2019-01-06,99.7331
2019-01-07,99.9754
2019-01-08,100.2777
2019-01-09,100.1054
2019-01-10,99.9523
2019-01-11,100.2623
2019-01-12,100.7462
2019-01-13,99.85
2019-01-14,99.2969
2019-01-15,99.63
2019-01-16,99.5808
2019-01-17,99.3315
2019-01-18,99.5838
2019-01-19,99.3338
2019-01-20,99.0454
2019-01-21,99.0169
2019-01-22,99.4331
2019-01-23,99.0808
2019-01-24,99.8185
2019-01-25,100.1246
2019-01-26,99.6915
2019-01-27,99.6569
2019-01-28,99.8823
2019-01-29,100.4369
2019-01-30,100.6954
2019-01-31,100.4123
2019-02-01,99.8615
2019-02-02,100.5331
2019-02-03,100.8169
2019-02-04,100.3946
2019-02-05,99.98
2019-02-06,100.7469
2019-02-07,101.1854
2019-02-08,100.6108
2019-02-09,100.1085
2019-02-10,99.6154
2019-02-11,99.0638
2019-02-12,98.9815
2019-02-13,99.49
2019-02-14,99.62
2019-02-15,99.6915
2019-02-16,99.8692
2019-02-17,99.9162
2019-02-18,99.7523
2019-02-19,99.6923
2019-02-20,99.8523
2019-02-21,99.9746
2019-02-22,99.5685
2019-02-23,98.9815
2019-02-24,98.9323
2019-02-25,100.44
2019-02-26,100.5615
2019-02-27,99.8985
2019-02-28,100.6615
2019-03-01,101.1762
2019-03-02,101.4131
2019-03-03,101.4077
2019-03-04,100.9223
2019-03-05,100.6277
2019-03-06,100.5077
2019-03-07,100.1754
2019-03-08,100.1854
2019-03-09,100.3777
2019-03-10,100.4223
2019-03-11,100.2308
2019-03-12,100.1038
2019-03-13,99.9885
2019-03-14,100.5808
2019-03-15,100.6415
2019-03-16,100.7569
2019-03-17,101.2223
2019-03-18,100.9762
2019-03-19,100.9515
2019-03-20,101.0085
2019-03-21,101.1446
2019-03-22,101.0523
2019-03-23,100.7885
2019-03-24,100.6423
2019-03-25,100.6738
2019-03-26,100.35
2019-03-27,100.0262
2019-03-28,100.8738
2019-03-29,101.2585
2019-03-30,101.1654
2019-03-31,100.4177
2019-04-01,99.5654
2019-04-02,100.4938
2019-04-03,101.1192
2019-04-04,100.7515
2019-04-05,100.8269
2019-04-06,100.7846
2019-04-07,100.4215
2019-04-08,100.2792
2019-04-09,100.2154
2019-04-10,99.81
2019-04-11,99.1031
2019-04-12,99.5523
2019-04-13,100.2538
2019-04-14,100.3638
2019-04-15,100.8923
2019-04-16,101.4085
2019-04-17,101.86
2019-04-18,101.96
2019-04-19,101.71
2019-04-20,101.0731
2019-04-21,100.8015
2019-04-22,100.7638
2019-04-23,100.4946
2019-04-24,100.3069
2019-04-25,99.9054
2019-04-26,99.7254
2019-04-27,99.5092
2019-04-28,99.2438
2019-04-29,98.7446
2019-04-30,100.3185
2019-05-01,101.1854
2019-05-02,100.7738
2019-05-03,100.9031
2019-05-04,100.85
2019-05-05,101.0192
2019-05-06,101.3754
2019-05-07,101.2854
2019-05-08,100.8577
2019-05-09,100.5977
2019-05-10,100.5108
2019-05-11,100.6331
2019-05-12,99.3892
2019-05-13,99.6438
2019-05-14,100.3846
2019-05-15,99.4746
2019-05-16,99.3138
2019-05-17,100.3577
2019-05-18,100.0562
2019-05-19,99.7408
2019-05-20,100.3054
2019-05-21,100.67
2019-05-22,100.5792
2019-05-23,100.8885
2019-05-24,100.9762
2019-05-25,100.5869
2019-05-26,100.1962
2019-05-27,99.8285
2019-05-28,98.6892
2019-05-29,98.8723
2019-05-30,98.9992
2019-05-31,98.0246
2019-06-01,97.6062
2019-06-02,98.81
2019-06-03,99.6131
2019-06-04,99.2592
2019-06-05,98.4208
2019-06-06,98.1846
2019-06-07,98.76
2019-06-08,99.03
2019-06-09,99.9462
2019-06-10,100.1877
2019-06-11,99.9777
2019-06-12,99.6831
2019-06-13,99.61
2019-06-14,99.3854
2019-06-15,99.0823
2019-06-16,99.3415
2019-06-17,99.7377
2019-06-18,100.5523
2019-06-19,101.0677
2019-06-20,100.6046
2019-06-21,99.6646
2019-06-22,99.66
2019-06-23,99.3631
2019-06-24,100.1631
2019-06-25,101.3338
2019-06-26,101.6662
2019-06-27,101.98
2019-06-28,102.1962
2019-06-29,101.89
2019-06-30,101.7154
2019-07-01,101.3892
2019-07-02,101.3146
2019-07-03,100.6423
2019-07-04,100.5931
2019-07-05,100.4708
2019-07-06,100.9131
2019-07-07,100.3538
2019-07-08,99.5531
2019-07-09,99.4485
2019-07-10,99.6792
2019-07-11,99.8923
2019-07-12,99.5215
2019-07-13,99.37
2019-07-14,98.0892
2019-07-15,98.4085
2019-07-16,97.6154
2019-07-17,97.7069
2019-07-18,98.9023
2019-07-19,98.7169
2019-07-20,98.6162
2019-07-21,99.15
2019-07-22,99.9977
2019-07-23,100.2408
2019-07-24,100.1831
2019-07-25,100.3269
2019-07-26,100.7377
2019-07-27,100.9469
2019-07-28,100.85
2019-07-29,100.0323
2019-07-30,98.65
2019-07-31,98.4954
2019-08-01,98.8969
2019-08-02,98.5354
2019-08-03,98.8685
2019-08-04,98.5369
2019-08-05,99.0562
2019-08-06,99.7685
2019-08-07,99.6638
2019-08-08,99.2377
2019-08-09,98.2885
2019-08-10,98.2715
2019-08-11,97.9069
2019-08-12,97.7423
2019-08-13,98.3331
2019-08-14,99.5285
2019-08-15,100.1377
2019-08-16,99.5262
2019-08-17,99.51
2019-08-18,100.7946
2019-08-19,100.8138
2019-08-20,99.3123
2019-08-21,97.8531
2019-08-22,97.4238
2019-08-23,97.9685
2019-08-24,98.7715
2019-08-25,99.1108
2019-08-26,99.0254
2019-08-27,100.0023
2019-08-28,100.2438
2019-08-29,100.1123
2019-08-30,100.3769
2019-08-31,100.7438
2019-09-01,100.9408
2019-09-02,100.5423
2019-09-03,100.0323
2019-09-04,98.9054
2019-09-05,97.7485
2019-09-06,97.8923
2019-09-07,98.8331
2019-09-08,98.8315
2019-09-09,98.8677
2019-09-10,98.8438
2019-09-11,99.3185
2019-09-12,99.6131
2019-09-13,99.5554
2019-09-14,99.5538
2019-09-15,99.2146
2019-09-16,99.42
2019-09-17,99.9462
2019-09-18,101.4
2019-09-19,101.7508
2019-09-20,101.9846
2019-09-21,102.0223
2019-09-22,101.3162
2019-09-23,99.99
2019-09-24,98.5685
2019-09-25,98.2262
2019-09-26,98.7208
2019-09-27,99.4031
2019-09-28,99.6885
2019-09-29,99.75
2019-09-30,98.8785
2019-10-01,99.2515
2019-10-02,99.24
2019-10-03,99.9023
2019-10-04,99.8438
2019-10-05,99.61
2019-10-06,100.5477
2019-10-07,100.41
2019-10-08,100.2169
2019-10-09,100.3131
2019-10-10,99.8823
2019-10-11,99.7823
2019-10-12,100.2162
2019-10-13,100.4862
2019-10-14,100.0269
2019-10-15,99.0685
2019-10-16,98.7346
2019-10-17,99.5146
2019-10-18,99.6577
2019-10-19,99.1523
2019-10-20,99.7292
2019-10-21,99.0977
2019-10-22,98.6069
2019-10-23,98.7338
2019-10-24,98.8523
2019-10-25,99.2908
2019-10-26,99.5015
2019-10-27,99.4908
2019-10-28,99.6277
2019-10-29,99.4377
2019-10-30,99.3662
2019-10-31,99.6177
2019-11-01,99.8969
2019-11-02,100.4592
2019-11-03,100.5508
2019-11-04,100.1977
2019-11-05,99.6777
2019-11-06,99.6654
2019-11-07,99.6792
2019-11-08,99.6492
2019-11-09,99.4115
2019-11-10,98.3446
2019-11-11,98.1738
2019-11-12,99.1215
2019-11-13,99.0762
2019-11-14,98.4346
2019-11-15,98.9769
2019-11-16,99.5608
2019-11-17,99.6069
2019-11-18,99.1962
2019-11-19,99.2023
2019-11-20,99.3662
2019-11-21,100.2854
2019-11-22,100.1523
2019-11-23,100.0654
2019-11-24,99.7262
2019-11-25,100.1231
2019-11-26,100.0023
2019-11-27,99.8323
2019-11-28,99.9254
2019-11-29,100.26
2019-11-30,100.1677
2019-12-01,99.5308
2019-12-02,99.3208
2019-12-03,98.5308
2019-12-04,98.97
2019-12-05,99.1262
2019-12-06,99.4246
2019-12-07,99.6177
2019-12-08,99.49
2019-12-09,99.9115
2019-12-10,100.2462
2019-12-11,99.8877
2019-12-12,99.6454
2019-12-13,98.9977
2019-12-14,99.2292
2019-12-15,99.4777
2019-12-16,99.4915
2019-12-17,98.6531
2019-12-18,98.6092
2019-12-19,99.3854
2019-12-20,98.8577
2019-12-21,99.7777
2019-12-22,99.6138
2019-12-23,99.4954
2019-12-24,99.6792
2019-12-25,100.0369
2019-12-26,100.3208
2019-12-27,99.95
2019-12-28,99.9669
2019-12-29,99.9362
2019-12-30,99.7377
2019-12-31,100.0431
2020-01-01,99.9492
2020-01-02,99.4254
2020-01-03,98.8723
2020-01-04,99.1362
2020-01-05,98.8938
2020-01-06,98.5431
2020-01-07,99.4215
2020-01-08,100.0485
2020-01-09,100.0885
2020-01-10,100.3238
2020-01-11,100.0485
2020-01-12,99.9054
2020-01-13,100.31
2020-01-14,100.8346
2020-01-15,100.7277
2020-01-16,100.7031
2020-01-17,100.5554
2020-01-18,100.3308
2020-01-19,100.1892
2020-01-20,100.1254
2020-01-21,100.0469
2020-01-22,99.9731
2020-01-23,100.0146
2020-01-24,100.0877
2020-01-25,100.0738
2020-01-26,100.2723
2020-01-27,100.0662
2020-01-28,99.9269
2020-01-29,99.4785
2020-01-30,99.5
2020-01-31,99.8223
2020-02-01,99.9577
2020-02-02,99.5246
2020-02-03,99.4354
2020-02-04,99.0469
2020-02-05,99.8392
2020-02-06,100.4215
2020-02-07,100.8462
2020-02-08,100.3277
2020-02-09,100.4908
2020-02-10,100.4762
2020-02-11,100.3954
2020-02-12,100.3946
2020-02-13,100.2723
2020-02-14,100.6015
2020-02-15,100.5569
2020-02-16,100.0577
2020-02-17,100.1292
2020-02-18,100.0308
2020-02-19,99.6777
2020-02-20,99.6485
2020-02-21,99.4062
2020-02-22,99.6
2020-02-23,100.4138
2020-02-24,100.7477
2020-02-25,100.4038
2020-02-26,100.0954
2020-02-27,99.8254
2020-02-28,99.6223
2020-02-29,99.9577
2020-03-01,100.7308
2020-03-02,100.5023
2020-03-03,99.6569
2020-03-04,100.0577
2020-03-05,101.05
2020-03-06,101.1269
2020-03-07,100.4954
2020-03-08,99.8862
2020-03-09,99.2531
2020-03-10,99.1723
2020-03-11,99.9738
2020-03-12,100.7485
2020-03-13,100.8515
2020-03-14,100.2238
2020-03-15,99.8923
2020-03-16,99.7669
2020-03-17,100.2723
2020-03-18,100.5292
2020-03-19,99.8685
2020-03-20,99.8015
2020-03-21,100.0185
2020-03-22,99.5938
2020-03-23,98.8723
2020-03-24,99.1315
2020-03-25,99.9846
2020-03-26,100.0192
2020-03-27,100.1423
2020-03-28,100.5892
2020-03-29,100.8623
2020-03-30,100.7592
2020-03-31,100.4531
2020-04-01,100.3831
2020-04-02,100.4385
2020-04-03,100.6446
2020-04-04,100.9908
2020-04-05,101.0762
2020-04-06,100.6354
2020-04-07,99.7685
2020-04-08,99.5077
2020-04-09,99.5408
2020-04-10,99.9954
2020-04-11,99.7631
2020-04-12,98.8115
2020-04-13,98.0623
2020-04-14,99.0869
2020-04-15,99.4115
2020-04-16,98.8938
2020-04-17,98.4892
2020-04-18,98.3877
2020-04-19,99.1915
2020-04-20,99.9385
2020-04-21,100.0969
2020-04-22,100.1785
2020-04-23,99.9123
2020-04-24,99.7385
2020-04-25,99.81
2020-04-26,100.2546
2020-04-27,99.9769
2020-04-28,100.8246
2020-04-29,101.5515
2020-04-30,101.3162
2020-05-01,100.7992
2020-05-02,99.8923
2020-05-03,98.8762
2020-05-04,98.3446
2020-05-05,98.7508
2020-05-06,99.8785
2020-05-07,99.9562
2020-05-08,100.3392
2020-05-09,100.8969
2020-05-10,100.8623
2020-05-11,100.5254
2020-05-12,100.7515
2020-05-13,101.0077
2020-05-14,100.7069
2020-05-15,100.7677
2020-05-16,101.1823
2020-05-17,101.3069
2020-05-18,101.1838
2020-05-19,101.4877
2020-05-20,101.4269
2020-05-21,100.9877
2020-05-22,100.5438
2020-05-23,100.5415
2020-05-24,100.1423
2020-05-25,99.5092
2020-05-26,100.4977
2020-05-27,100.8569
2020-05-28,100.7023
2020-05-29,100.3562
2020-05-30,100.9415
2020-05-31,101.3231
2020-06-01,100.2946
2020-06-02,99.7623
2020-06-03,99.3946
2020-06-04,98.8685
2020-06-05,99.1369
2020-06-06,99.2092
2020-06-07,99.8031
2020-06-08,100.3031
2020-06-09,100.6192
2020-06-10,100.9323
2020-06-11,100.5685
2020-06-12,100.9
2020-06-13,102.0646
2020-06-14,102.1308
2020-06-15,101.2985
2020-06-16,101.0246
2020-06-17,100.7823
2020-06-18,100.7423
2020-06-19,100.7431
2020-06-20,100.5738
2020-06-21,100.8292
2020-06-22,100.8777
2020-06-23,100.9608
2020-06-24,100.6654
2020-06-25,100.4346
2020-06-26,100.3492
2020-06-27,99.5523
2020-06-28,98.9992
2020-06-29,99.0285
2020-06-30,98.9962
2020-07-01,99.08
2020-07-02,99.8208
2020-07-03,100.6
2020-07-04,100.3592
2020-07-05,99.6177
2020-07-06,98.39
2020-07-07,98.1938
2020-07-08,98.5854
2020-07-09,99.9523
2020-07-10,100.6431
2020-07-11,100.3454
2020-07-12,100.0738
2020-07-13,100.6369
2020-07-14,100.8377
2020-07-15,100.6485
2020-07-16,100.3538
2020-07-17,100.2554
2020-07-18,100.2677
2020-07-19,100.5069
2020-07-20,99.9338
2020-07-21,98.3677
2020-07-22,98.1154
2020-07-23,98.9592
2020-07-24,100.0892
2020-07-25,100.88
2020-07-26,101.1669
2020-07-27,101.5785
2020-07-28,101.8562
2020-07-29,101.9454
2020-07-30,101.4131
2020-07-31,101.0838
2020-08-01,101.1708
2020-08-02,101.0392
2020-08-03,100.5485
2020-08-04,100.1615
2020-08-05,100.4254
2020-08-06,100.0538
2020-08-07,98.9277
2020-08-08,99.1331
2020-08-09,99.3615
2020-08-10,99.5385
2020-08-11,99.34
2020-08-12,99.2531
2020-08-13,99.9438
2020-08-14,100.9338
2020-08-15,101.2146
2020-08-16,101.47
2020-08-17,101.3523
2020-08-18,100.5585
2020-08-19,98.9108
2020-08-20,97.7038
2020-08-21,97.6954
2020-08-22,99.1454
2020-08-23,99.17
2020-08-24,98.0685
2020-08-25,98.4177
2020-08-26,99.2162
2020-08-27,99.4115
2020-08-28,99.9362
2020-08-29,99.9346
2020-08-30,100.0023
2020-08-31,99.5769
2020-09-01,99.3215
2020-09-02,100.0123
2020-09-03,100.7823
2020-09-04,100.6523
2020-09-05,100.3146
2020-09-06,100.1054
2020-09-07,101.2123
2020-09-08,101.5908
2020-09-09,100.4285
2020-09-10,99.6623
2020-09-11,100.5469
2020-09-12,101.1692
2020-09-13,100.67
2020-09-14,99.9785
2020-09-15,99.2708
2020-09-16,100.06
2020-09-17,100.2362
2020-09-18,99.8331
2020-09-19,100.6262
2020-09-20,101.2515
2020-09-21,101.1231
2020-09-22,100.3192
2020-09-23,99.3962
2020-09-24,99.0431
2020-09-25,99.4254
2020-09-26,99.6662
2020-09-27,98.2862
2020-09-28,98.4077
2020-09-29,98.8392
2020-09-30,100.1531
2020-10-01,100.9992
2020-10-02,101.0915
2020-10-03,101.0292
2020-10-04,101.0831
2020-10-05,100.7554
2020-10-06,100.0085
2020-10-07,99.6192
2020-10-08,100.7146
2020-10-09,101.5762
2020-10-10,101.5715
2020-10-11,100.8577
2020-10-12,100.6462
2020-10-13,100.2869
2020-10-14,100.2631
2020-10-15,100.8646
2020-10-16,100.3623
2020-10-17,100.2108
2020-10-18,100.1154
2020-10-19,99.49
2020-10-20,99.8946
2020-10-21,100.3831
2020-10-22,100.5715
2020-10-23,100.7638
2020-10-24,100.7892
2020-10-25,100.6185
2020-10-26,100.69
2020-10-27,100.9738
2020-10-28,101.2631
2020-10-29,100.8662
2020-10-30,100.4054
2020-10-31,99.8423
2020-11-01,100.3
2020-11-02,100.9254
2020-11-03,100.9992
2020-11-04,100.6192
2020-11-05,99.6885
2020-11-06,99.2369
2020-11-07,99.1362
2020-11-08,98.7969
2020-11-09,99.8131
2020-11-10,99.8054
2020-11-11,99.9008
2020-11-12,100.2569
2020-11-13,100.4154
2020-11-14,100.0362
2020-11-15,99.8685
2020-11-16,99.65
2020-11-17,99.3846
2020-11-18,99.3023
2020-11-19,100.1108
2020-11-20,100.3462
2020-11-21,99.7177
2020-11-22,99.7615
2020-11-23,99.9169
2020-11-24,99.6454
2020-11-25,99.34
2020-11-26,99.0354
2020-11-27,99.0315
2020-11-28,99.4608
2020-11-29,98.7138
2020-11-30,98.5115
2020-12-01,99.6754
2020-12-02,99.9192
2020-12-03,99.4969
2020-12-04,99.4362
2020-12-05,99.0346
2020-12-06,99.4269
2020-12-07,99.26
2020-12-08,99.3031
2020-12-09,99.4262
2020-12-10,99.13
2020-12-11,99.4885
2020-12-12,100.0077
2020-12-13,100.4746
2020-12-14,100.9508
2020-12-15,100.71
2020-12-16,100.2908
2020-12-17,100.3738
2020-12-18,100.3015
2020-12-19,100.0631
2020-12-20,100.2262
2020-12-21,100.1738
2020-12-22,99.6862
2020-12-23,99.0915
2020-12-24,98.3308
2020-12-25,99.2215
2020-12-26,99.5923
2020-12-27,100.1277
2020-12-28,100.1777
2020-12-29,100.1408
2020-12-30,100.4638
2020-12-31,100.5585
2021-01-01,100.0615
2021-01-02,99.83
2021-01-03,100.0669
2021-01-04,100.4462
2021-01-05,100.4162
2021-01-06,99.9085
2021-01-07,99.2608
2021-01-08,99.2031
2021-01-09,99.5969
2021-01-10,99.6269
2021-01-11,100.0877
2021-01-12,100.5269
2021-01-13,100.5723
2021-01-14,100.1269
2021-01-15,99.7969
2021-01-16,99.36
2021-01-17,98.5677
2021-01-18,98.5769
2021-01-19,98.1715
2021-01-20,97.9862
2021-01-21,98.38
2021-01-22,99.2885
2021-01-23,99.4492
2021-01-24,99.2685
2021-01-25,99.3615
2021-01-26,99.5915
2021-01-27,99.5838
2021-01-28,99.3269
2021-01-29,99.9369
2021-01-30,100.6115
2021-01-31,100.7677
2021-02-01,100.6569
2021-02-02,100.3892
2021-02-03,100.3031
2021-02-04,100.7638
2021-02-05,100.7323
2021-02-06,100.6208
2021-02-07,100.2492
2021-02-08,99.7546
2021-02-09,99.0146
2021-02-10,98.6123
2021-02-11,99.0862
2021-02-12,99.8177
2021-02-13,100.2792
2021-02-14,100.3085
2021-02-15,99.8192
2021-02-16,100.0615
2021-02-17,101.1315
2021-02-18,101.6369
2021-02-19,101.2446
2021-02-20,100.8315
2021-02-21,100.7354
2021-02-22,100.7569
2021-02-23,100.4923
2021-02-24,100.3415
2021-02-25,100.6769
2021-02-26,100.5738
2021-02-27,100.2615
2021-02-28,100.0492
2021-03-01,99.7331
2021-03-02,99.2315
2021-03-03,98.7877
2021-03-04,98.5392
2021-03-05,98.3208
2021-03-06,98.1485
2021-03-07,98.1492
2021-03-08,99.3738
2021-03-09,100.0077
2021-03-10,99.6531
2021-03-11,100.3115
2021-03-12,101.0846
2021-03-13,101.3231
2021-03-14,100.8254
2021-03-15,100.2246
2021-03-16,99.7962
2021-03-17,100.7262
2021-03-18,101.7546
2021-03-19,101.8362
2021-03-20,101.5508
2021-03-21,101.3738
2021-03-22,101.2946
2021-03-23,100.7938
2021-03-24,100.3654
2021-03-25,100.5523
2021-03-26,100.79
2021-03-27,100.6654
2021-03-28,100.2762
2021-03-29,99.9908
2021-03-30,99.8523
2021-03-31,99.3738
2021-04-01,99.7415
2021-04-02,99.8908
2021-04-03,100.5315
2021-04-04,100.0
2021-04-05,99.9877
2021-04-06,100.2185
2021-04-07,100.38
2021-04-08,100.2892
2021-04-09,99.9754
2021-04-10,99.0462
2021-04-11,99.2115
2021-04-12,99.4285
2021-04-13,99.0685
2021-04-14,98.9662
2021-04-15,98.9408
2021-04-16,98.9454
2021-04-17,99.4246
2021-04-18,99.7908
2021-04-19,100.0215
2021-04-20,99.8654
2021-04-21,98.8054
2021-04-22,99.3377
2021-04-23,99.3685
2021-04-24,99.32
2021-04-25,99.2785
2021-04-26,99.1962
2021-04-27,99.5092
2021-04-28,100.2169
2021-04-29,100.5562
2021-04-30,100.8869
2021-05-01,101.52
2021-05-02,101.4869
2021-05-03,101.1369
2021-05-04,100.5962
2021-05-05,100.8623
2021-05-06,101.3446
2021-05-07,101.8
2021-05-08,101.3231
2021-05-09,100.6162
2021-05-10,100.5554
2021-05-11,100.1269
2021-05-12,100.8192
2021-05-13,101.2015
2021-05-14,99.8815
2021-05-15,98.82
2021-05-16,99.5177
2021-05-17,98.6477
2021-05-18,98.4838
2021-05-19,99.5823
2021-05-20,100.6215
2021-05-21,100.6369
2021-05-22,100.7315
2021-05-23,100.4631
2021-05-24,100.7069
2021-05-25,101.2315
2021-05-26,100.9554
2021-05-27,99.8731
2021-05-28,98.7238
2021-05-29,98.0015
2021-05-30,97.5931
2021-05-31,97.8777
2021-06-01,99.2523
2021-06-02,99.9738
2021-06-03,100.4669
2021-06-04,100.4808
2021-06-05,100.1485
2021-06-06,100.0923
2021-06-07,100.3415
2021-06-08,100.7362
2021-06-09,100.9908
2021-06-10,101.3
2021-06-11,101.6946
2021-06-12,101.5923
2021-06-13,100.5846
2021-06-14,99.8354
2021-06-15,99.5077
2021-06-16,99.4346
2021-06-17,99.6154
2021-06-18,100.1508
2021-06-19,100.0631
2021-06-20,99.0415
2021-06-21,99.0823
2021-06-22,100.0215
2021-06-23,100.8385
2021-06-24,100.8062
2021-06-25,100.4454
2021-06-26,100.1362
2021-06-27,99.44
2021-06-28,99.2046
2021-06-29,100.4169
2021-06-30,101.3846
2021-07-01,102.0938
2021-07-02,102.2669
2021-07-03,102.1877
2021-07-04,102.0846
2021-07-05,101.3615
2021-07-06,99.9769
2021-07-07,99.2569
2021-07-08,99.2077
2021-07-09,99.2562
2021-07-10,99.5946
2021-07-11,100.2115
2021-07-12,99.9731
2021-07-13,99.7762
2021-07-14,100.0485
2021-07-15,100.1062
2021-07-16,99.5338
2021-07-17,97.6938
2021-07-18,97.6185
2021-07-19,98.2885
2021-07-20,99.3754
2021-07-21,99.0723
2021-07-22,98.6231
2021-07-23,100.1231
2021-07-24,100.8369
2021-07-25,100.1523
2021-07-26,98.6562
2021-07-27,98.84
2021-07-28,99.8777
2021-07-29,100.0577
2021-07-30,99.9769
2021-07-31,99.81
2021-08-01,99.6254
2021-08-02,98.9285
2021-08-03,98.8823
2021-08-04,99.59
2021-08-05,98.4969
2021-08-06,97.8085
2021-08-07,98.5715
2021-08-08,98.6446
2021-08-09,99.4
2021-08-10,100.3685
2021-08-11,101.0477
2021-08-12,100.6015
2021-08-13,99.7469
2021-08-14,99.6415
2021-08-15,100.3485
2021-08-16,99.7969
2021-08-17,98.61
2021-08-18,99.02
2021-08-19,99.91
2021-08-20,100.6046
2021-08-21,101.4385
2021-08-22,101.3392
2021-08-23,101.5831
2021-08-24,101.5669
2021-08-25,101.4431
2021-08-26,101.0123
2021-08-27,100.5569
2021-08-28,99.7746
2021-08-29,99.3915
2021-08-30,100.3115
2021-08-31,101.1623
2021-09-01,101.51
2021-09-02,101.8331
2021-09-03,102.0885
2021-09-04,101.7608
2021-09-05,101.4
2021-09-06,100.5569
2021-09-07,98.8054
2021-09-08,98.3669
2021-09-09,99.1254
2021-09-10,98.3823
2021-09-11,99.14
2021-09-12,99.7154
2021-09-13,99.2692
2021-09-14,100.0615
2021-09-15,100.3031
2021-09-16,99.3569
2021-09-17,99.7985
2021-09-18,100.5946
2021-09-19,100.1385
2021-09-20,99.5254
2021-09-21,99.44
2021-09-22,99.4869
2021-09-23,98.57
2021-09-24,98.9138
2021-09-25,99.2162
2021-09-26,99.4408
2021-09-27,100.1669
2021-09-28,100.0985
2021-09-29,100.0431
2021-09-30,100.1508
2021-10-01,100.6477
2021-10-02,100.6038
2021-10-03,100.2669
2021-10-04,99.3815
2021-10-05,99.5308
2021-10-06,99.7977
2021-10-07,99.5792
2021-10-08,99.3946
2021-10-09,99.7615
2021-10-10,99.7731
2021-10-11,98.9985
2021-10-12,98.1823
2021-10-13,99.0692
2021-10-14,100.0762
2021-10-15,100.1723
2021-10-16,100.1854
2021-10-17,99.5985
2021-10-18,99.6462
2021-10-19,100.4146
2021-10-20,101.3308
2021-10-21,101.5269
2021-10-22,101.7554
2021-10-23,101.0669
2021-10-24,100.1485
2021-10-25,100.0854
2021-10-26,100.4108
2021-10-27,100.4262
2021-10-28,100.0715
2021-10-29,99.5162
2021-10-30,99.2008
2021-10-31,98.8462
2021-11-01,99.8623
2021-11-02,100.5038
2021-11-03,101.2015
2021-11-04,101.2669
2021-11-05,100.7846
2021-11-06,100.3938
2021-11-07,100.1969
2021-11-08,100.1462
2021-11-09,100.2431
2021-11-10,100.0746
2021-11-11,99.8462
2021-11-12,99.0285
2021-11-13,98.2485
2021-11-14,98.0746
2021-11-15,98.5008
2021-11-16,98.8992
2021-11-17,99.5731
2021-11-18,100.3438
2021-11-19,100.5031
2021-11-20,100.3523
2021-11-21,100.0262
2021-11-22,100.1731
2021-11-23,100.4769
2021-11-24,100.7185
2021-11-25,100.5669
2021-11-26,100.3362
2021-11-27,100.7015
2021-11-28,100.7162
2021-11-29,100.46
2021-11-30,100.2946
2021-12-01,100.7262
2021-12-02,100.8785
2021-12-03,100.6877
2021-12-04,100.4285
2021-12-05,100.2238
2021-12-06,100.5369
2021-12-07,100.53
2021-12-08,100.3415
2021-12-09,100.0569
2021-12-10,100.0238
2021-12-11,99.8546
2021-12-12,100.3631
2021-12-13,100.0569
2021-12-14,99.4154
2021-12-15,98.3292
2021-12-16,97.9246
2021-12-17,98.4254
2021-12-18,99.5023
2021-12-19,100.1638
2021-12-20,99.7646
2021-12-21,99.2608
2021-12-22,99.2246
2021-12-23,99.4315
2021-12-24,99.9508
2021-12-25,100.3977
2021-12-26,99.9646
2021-12-27,99.63
2021-12-28,99.0231
2021-12-29,98.9277
2021-12-30,99.1538
2021-12-31,99.6862
2022-01-01,100.1592
2022-01-02,100.5777
2022-01-03,100.2923
2022-01-04,99.8438
2022-01-05,99.6462
2022-01-06,99.9962
2022-01-07,100.5692
2022-01-08,100.5115
2022-01-09,100.2269
2022-01-10,100.3862
2022-01-11,100.2646
2022-01-12,100.0323
2022-01-13,100.5969
2022-01-14,100.6392
2022-01-15,100.5746
2022-01-16,100.2869
2022-01-17,99.82
2022-01-18,99.6923
2022-01-19,99.3838
2022-01-20,99.4723
2022-01-21,100.1308
2022-01-22,100.3838
2022-01-23,100.09
2022-01-24,99.8685
2022-01-25,99.4554
2022-01-26,98.8338
2022-01-27,99.9762
2022-01-28,101.1854
2022-01-29,101.1346
2022-01-30,100.8023
2022-01-31,100.7185
2022-02-01,100.41
2022-02-02,99.8415
2022-02-03,99.6923
2022-02-04,99.3623
2022-02-05,99.5254
2022-02-06,100.0238
2022-02-07,100.2808
2022-02-08,100.2
2022-02-09,100.0623
2022-02-10,99.6777
2022-02-11,99.5085
2022-02-12,98.9731
2022-02-13,98.88
2022-02-14,100.8823
2022-02-15,100.9854
2022-02-16,100.3969
2022-02-17,100.4277
2022-02-18,100.2669
2022-02-19,100.03
2022-02-20,100.2323
2022-02-21,100.5108
2022-02-22,100.5869
2022-02-23,101.2246
2022-02-24,101.21
2022-02-25,100.6238
2022-02-26,100.4369
2022-02-27,101.12
2022-02-28,101.2592
2022-03-01,100.8385
2022-03-02,101.2023
2022-03-03,101.3692
2022-03-04,101.1269
2022-03-05,100.9308
2022-03-06,100.5354
2022-03-07,100.7431
2022-03-08,100.8046
2022-03-09,100.9131
2022-03-10,100.4931
2022-03-11,99.8808
2022-03-12,100.0969
2022-03-13,101.0485
2022-03-14,100.8946
2022-03-15,100.9008
2022-03-16,101.1077
2022-03-17,100.7985
2022-03-18,100.0192
2022-03-19,99.7023
2022-03-20,100.0669
2022-03-21,99.7046
2022-03-22,99.3815
2022-03-23,99.1285
2022-03-24,98.7308
2022-03-25,99.1723
2022-03-26,99.8438
2022-03-27,100.5538
2022-03-28,100.6308
2022-03-29,100.2915
2022-03-30,100.3369
2022-03-31,100.1185
2022-04-01,100.3777
2022-04-02,100.3954
2022-04-03,100.4362
2022-04-04,100.4508
2022-04-05,99.8508
2022-04-06,99.0346
2022-04-07,100.3362
2022-04-08,100.6138
2022-04-09,101.0754
2022-04-10,101.1177
2022-04-11,100.4177
2022-04-12,99.63
2022-04-13,99.5623
2022-04-14,100.2146
2022-04-15,100.4654
2022-04-16,100.1969
2022-04-17,101.0169
2022-04-18,101.0692
2022-04-19,100.7977
2022-04-20,100.6262
2022-04-21,99.9354
2022-04-22,99.6531
2022-04-23,100.07
2022-04-24,99.5346
2022-04-25,99.7415
2022-04-26,100.0838
2022-04-27,100.9069
2022-04-28,101.8062
2022-04-29,101.9962
2022-04-30,101.6338
2022-05-01,101.0069
2022-05-02,100.9862
2022-05-03,101.2508
2022-05-04,101.3754
2022-05-05,101.3146
2022-05-06,101.3192
2022-05-07,101.18
2022-05-08,100.6515
2022-05-09,100.1215
2022-05-10,100.71
2022-05-11,101.4723
2022-05-12,101.5769
2022-05-13,101.2846
2022-05-14,100.1923
2022-05-15,99.4746
2022-05-16,99.3754
2022-05-17,99.4838
2022-05-18,99.7692
2022-05-19,99.1331
2022-05-20,98.7838
2022-05-21,99.1977
2022-05-22,99.2108
2022-05-23,100.0223
2022-05-24,100.2292
2022-05-25,100.2392
2022-05-26,100.9946
2022-05-27,101.3185
2022-05-28,101.13
2022-05-29,100.6792
2022-05-30,99.2623
2022-05-31,98.6962
2022-06-01,97.9315
2022-06-02,97.9331
2022-06-03,98.7308
2022-06-04,100.2
2022-06-05,100.2485
2022-06-06,100.11
2022-06-07,99.3808
2022-06-08,98.9008
2022-06-09,98.0792
2022-06-10,97.7723
2022-06-11,97.9577
2022-06-12,97.5138
2022-06-13,97.2085
2022-06-14,98.6554
2022-06-15,99.43
2022-06-16,99.9762
2022-06-17,100.6531
2022-06-18,100.5623
2022-06-19,100.2631
2022-06-20,100.7362
2022-06-21,100.9662
2022-06-22,101.0854
2022-06-23,101.2008
2022-06-24,100.7631
2022-06-25,100.1715
2022-06-26,100.3262
2022-06-27,100.41
2022-06-28,100.3215
2022-06-29,99.6085
2022-06-30,99.3123
2022-07-01,99.8146
2022-07-02,100.4669
2022-07-03,100.5354
2022-07-04,100.9646
2022-07-05,100.3392
2022-07-06,100.6292
2022-07-07,100.8454
2022-07-08,98.8869
2022-07-09,98.6431
2022-07-10,100.5538
2022-07-11,101.0292
2022-07-12,98.7877
2022-07-13,98.47
2022-07-14,98.9546
2022-07-15,98.9677
2022-07-16,99.8215
2022-07-17,100.7946
2022-07-18,100.6885
2022-07-19,100.34
2022-07-20,99.9415
2022-07-21,99.8385
2022-07-22,101.3515
2022-07-23,101.9154
2022-07-24,101.5785
2022-07-25,100.5754
2022-07-26,98.7015
2022-07-27,98.4569
2022-07-28,98.4592
2022-07-29,99.2654
2022-07-30,99.6969
2022-07-31,99.4054
2022-08-01,100.5815
2022-08-02,100.4162
2022-08-03,100.32
2022-08-04,100.6077
2022-08-05,100.1569
2022-08-06,99.1815
2022-08-07,98.9685
2022-08-08,99.8646
2022-08-09,99.8608
2022-08-10,99.9292
2022-08-11,100.5708
2022-08-12,100.7192
2022-08-13,100.9354
2022-08-14,100.9931
2022-08-15,101.1315
2022-08-16,101.01
2022-08-17,100.7338
2022-08-18,100.3285
2022-08-19,100.3092
2022-08-20,99.7131
2022-08-21,99.8777
2022-08-22,99.9608
2022-08-23,100.07
2022-08-24,99.9762
2022-08-25,99.8854
2022-08-26,99.5438
2022-08-27,100.5077
2022-08-28,101.5415
2022-08-29,102.0192
2022-08-30,101.8169
2022-08-31,101.4715
2022-09-01,101.3362
2022-09-02,100.8508
2022-09-03,99.7808
2022-09-04,99.2623
2022-09-05,98.7992
2022-09-06,99.5331
2022-09-07,100.3323
2022-09-08,101.1069
2022-09-09,101.4246
2022-09-10,101.2369
2022-09-11,100.1238
2022-09-12,98.4323
2022-09-13,99.2185
2022-09-14,100.3646
2022-09-15,100.0123
2022-09-16,100.1815
2022-09-17,100.8146
2022-09-18,100.8823
2022-09-19,100.3408
2022-09-20,100.1885
2022-09-21,100.3362
2022-09-22,100.9323
2022-09-23,100.3546
2022-09-24,99.9031
2022-09-25,100.8946
2022-09-26,101.3146
2022-09-27,101.3523
2022-09-28,100.9038
2022-09-29,100.2846
2022-09-30,100.6031
2022-10-01,100.1177
2022-10-02,99.0992
2022-10-03,98.7931
2022-10-04,99.7769
2022-10-05,99.2685
2022-10-06,100.1531
2022-10-07,101.3585
2022-10-08,102.1231
2022-10-09,102.0377
2022-10-10,101.2369
2022-10-11,100.7562
2022-10-12,101.1185
2022-10-13,101.0362
2022-10-14,101.0962
2022-10-15,100.5069
2022-10-16,99.7323
2022-10-17,99.6492
2022-10-18,99.5492
2022-10-19,99.6492
2022-10-20,99.2846
2022-10-21,100.4608
2022-10-22,101.42
2022-10-23,101.2869
2022-10-24,101.0815
2022-10-25,101.2062
2022-10-26,100.2369
2022-10-27,100.0346
2022-10-28,99.7631
2022-10-29,99.2092
2022-10-30,99.0523
2022-10-31,99.3277
2022-11-01,99.4046
2022-11-02,99.1562
2022-11-03,99.0238
2022-11-04,99.78
2022-11-05,100.6438
2022-11-06,101.1154
2022-11-07,100.6777
2022-11-08,100.4546
2022-11-09,100.1454
2022-11-10,100.8838
2022-11-11,100.3385
2022-11-12,99.4146
2022-11-13,99.7885
2022-11-14,100.2446
2022-11-15,99.7208
2022-11-16,99.4685
2022-11-17,99.1523
2022-11-18,98.8738
2022-11-19,98.7185
2022-11-20,98.7262
2022-11-21,98.4792
2022-11-22,98.17
2022-11-23,97.8285
2022-11-24,98.1354
2022-11-25,98.5231
2022-11-26,98.8685
2022-11-27,98.7408
2022-11-28,99.1454
2022-11-29,99.3485
2022-11-30,98.6031
2022-12-01,98.8154
2022-12-02,99.1938
2022-12-03,99.7938
2022-12-04,99.8285
2022-12-05,99.8808
2022-12-06,99.6708
2022-12-07,99.8615
2022-12-08,99.8208
2022-12-09,99.6408
2022-12-10,99.6538
2022-12-11,99.7446
2022-12-12,100.0331
2022-12-13,99.9977
2022-12-14,99.91
2022-12-15,99.4692
2022-12-16,99.3592
2022-12-17,99.58
2022-12-18,99.5415
2022-12-19,99.4938
2022-12-20,99.4838
2022-12-21,99.7992
2022-12-22,100.0731
2022-12-23,99.9185
2022-12-24,99.8631
2022-12-25,100.0777
2022-12-26,100.5008
2022-12-27,100.7485
2022-12-28,100.8277
2022-12-29,100.5354
2022-12-30,100.5654
2022-12-31,100.9438
2023-01-01,101.0362
2023-01-02,100.8715
2023-01-03,100.5077
2023-01-04,100.1631
2023-01-05,99.8238
2023-01-06,99.6777
2023-01-07,99.7092
2023-01-08,100.11
2023-01-09,100.0069
2023-01-10,99.2446
2023-01-11,98.2777
2023-01-12,99.4554
2023-01-13,100.4508
2023-01-14,100.8915
2023-01-15,101.1431
2023-01-16,100.8615
2023-01-17,100.2892
2023-01-18,99.7992
2023-01-19,99.26
2023-01-20,98.9908
2023-01-21,99.6492
2023-01-22,99.9285
2023-01-23,100.3862
2023-01-24,100.5708
2023-01-25,100.7569
2023-01-26,100.5185
2023-01-27,99.9923
2023-01-28,99.9238
2023-01-29,100.2338
2023-01-30,100.4131
2023-01-31,100.3438
2023-02-01,99.8354
2023-02-02,99.6469
2023-02-03,100.0131
2023-02-04,100.2262
2023-02-05,99.6246
2023-02-06,99.2208
2023-02-07,98.99
2023-02-08,98.9246
2023-02-09,99.5523
2023-02-10,100.3277
2023-02-11,100.2608
2023-02-12,99.6723
2023-02-13,98.8277
2023-02-14,97.6938
2023-02-15,98.4008
2023-02-16,99.1523
2023-02-17,99.7638
2023-02-18,100.3231
2023-02-19,100.5323
2023-02-20,100.8423
2023-02-21,100.58
2023-02-22,100.05
2023-02-23,100.2215
2023-02-24,100.6338
2023-02-25,100.5
2023-02-26,100.3469
2023-02-27,100.1785
2023-02-28,99.8992
2023-03-01,99.6415
2023-03-02,99.6108
2023-03-03,99.56
2023-03-04,99.4669
2023-03-05,99.79
2023-03-06,100.1092
2023-03-07,99.97
2023-03-08,99.5538
2023-03-09,99.21
2023-03-10,98.9746
2023-03-11,99.5923
2023-03-12,99.5015
2023-03-13,99.3277
2023-03-14,100.4723
2023-03-15,100.79
2023-03-16,100.2554
2023-03-17,99.3862
2023-03-18,100.2615
2023-03-19,100.63
2023-03-20,99.9223
2023-03-21,99.4831
2023-03-22,100.0538
2023-03-23,100.6738
2023-03-24,100.5308
2023-03-25,99.9146
2023-03-26,99.7592
2023-03-27,99.59
2023-03-28,99.4308
2023-03-29,100.0269
2023-03-30,99.95
2023-03-31,99.87
2023-04-01,99.3269
2023-04-02,99.4785
2023-04-03,100.1238
2023-04-04,100.4485
2023-04-05,99.7431
2023-04-06,99.0838
2023-04-07,99.4692
2023-04-08,99.52
2023-04-09,99.0285
2023-04-10,98.55
2023-04-11,98.7869
2023-04-12,98.9231
2023-04-13,99.9154
2023-04-14,101.1131
2023-04-15,101.5862
2023-04-16,101.4092
2023-04-17,101.1469
2023-04-18,100.6585
2023-04-19,100.5315
2023-04-20,100.6938
2023-04-21,100.5992
2023-04-22,100.1338
2023-04-23,100.0454
2023-04-24,100.0508
2023-04-25,99.9623
2023-04-26,100.2331
2023-04-27,101.1362
2023-04-28,101.2146
2023-04-29,101.0115
2023-04-30,100.9162
2023-05-01,100.8546
2023-05-02,100.6931
2023-05-03,100.46
2023-05-04,100.4585
2023-05-05,100.6408
2023-05-06,100.9238
2023-05-07,101.1162
2023-05-08,100.5654
2023-05-09,98.9838
2023-05-10,97.5469
2023-05-11,98.91
2023-05-12,100.7023
2023-05-13,101.1562
2023-05-14,100.7954
2023-05-15,100.5508
2023-05-16,100.3454
2023-05-17,100.1738
2023-05-18,99.9992
2023-05-19,98.59
2023-05-20,97.3154
2023-05-21,98.3615
2023-05-22,98.8077
2023-05-23,98.9354
2023-05-24,99.8685
2023-05-25,100.4485
2023-05-26,100.0762
2023-05-27,100.3446
2023-05-28,100.7285
2023-05-29,100.1123
2023-05-30,99.7054
2023-05-31,99.5923
2023-06-01,99.4515
2023-06-02,99.3646
2023-06-03,100.2315
2023-06-04,100.0008
2023-06-05,100.3323
2023-06-06,101.2262
2023-06-07,101.3777
2023-06-08,100.9615
2023-06-09,100.63
2023-06-10,100.5585
2023-06-11,100.2077
2023-06-12,100.0062
2023-06-13,100.3915
2023-06-14,100.3538
2023-06-15,99.9215
2023-06-16,99.8385
2023-06-17,100.0592
2023-06-18,100.1592
2023-06-19,100.1285
2023-06-20,100.1723
2023-06-21,100.1262
2023-06-22,99.9331
2023-06-23,99.8592
2023-06-24,100.0431
2023-06-25,99.8638
2023-06-26,98.9892
2023-06-27,98.2631
2023-06-28,97.9023
2023-06-29,97.1054
2023-06-30,97.0023
2023-07-01,97.4415
2023-07-02,97.7046
2023-07-03,98.0162
2023-07-04,98.8762
2023-07-05,99.29
2023-07-06,99.9262
2023-07-07,99.8808
2023-07-08,98.7085
2023-07-09,98.3662
2023-07-10,98.4385
2023-07-11,99.0346
2023-07-12,99.1708
2023-07-13,99.4792
2023-07-14,99.5762
2023-07-15,99.8546
2023-07-16,99.5031
2023-07-17,100.0731
2023-07-18,100.0754
2023-07-19,99.7462
2023-07-20,99.9508
2023-07-21,99.9354
2023-07-22,99.1685
2023-07-23,98.4823
2023-07-24,99.1938
2023-07-25,99.1431
2023-07-26,99.5315
2023-07-27,99.5185
2023-07-28,100.2277
2023-07-29,100.3215
2023-07-30,100.3585
2023-07-31,99.9862
2023-08-01,99.38
2023-08-02,99.3892
2023-08-03,101.0531
2023-08-04,101.2292
2023-08-05,101.5692
2023-08-06,100.9354
2023-08-07,100.1292
2023-08-08,99.9523
2023-08-09,99.9823
2023-08-10,99.8085
2023-08-11,100.0485
2023-08-12,99.7454
2023-08-13,99.2708
2023-08-14,99.1146
2023-08-15,99.1815
2023-08-16,99.0623
2023-08-17,99.6146
2023-08-18,99.95
2023-08-19,99.4677
2023-08-20,98.5492
2023-08-21,99.1738
2023-08-22,100.7508
2023-08-23,101.05
2023-08-24,100.9138
2023-08-25,100.8208
2023-08-26,100.4708
2023-08-27,100.3177
2023-08-28,100.6277
2023-08-29,100.7985
2023-08-30,100.8869
2023-08-31,100.8138
2023-09-01,100.5908
2023-09-02,100.6338
2023-09-03,100.7385
2023-09-04,100.9669
2023-09-05,100.9408
2023-09-06,100.6608
2023-09-07,101.01
2023-09-08,101.8669
2023-09-09,101.7069
2023-09-10,101.0446
2023-09-11,100.19
2023-09-12,99.7708
2023-09-13,100.0954
2023-09-14,99.6969
2023-09-15,99.6823
2023-09-16,100.23
2023-09-17,99.4985
2023-09-18,99.7485
2023-09-19,100.5677
2023-09-20,100.6185
2023-09-21,100.4954
2023-09-22,100.4569
2023-09-23,100.1446
2023-09-24,100.4369
2023-09-25,100.2362
2023-09-26,99.0138
2023-09-27,99.0654
2023-09-28,98.5654
2023-09-29,98.2977
2023-09-30,98.6392
2023-10-01,99.6454
2023-10-02,99.45
2023-10-03,100.9815
2023-10-04,101.34
2023-10-05,100.9846
2023-10-06,100.04
2023-10-07,99.4554
2023-10-08,99.2938
2023-10-09,99.1885
2023-10-10,99.2077
2023-10-11,99.6554
2023-10-12,99.6377
2023-10-13,99.7777
2023-10-14,99.3023
2023-10-15,99.1962
2023-10-16,100.1277
2023-10-17,100.2031
2023-10-18,100.6662
2023-10-19,100.4654
2023-10-20,100.11
2023-10-21,99.8508
2023-10-22,100.2385
2023-10-23,100.6785
2023-10-24,100.3415
2023-10-25,99.7292
2023-10-26,99.3054
2023-10-27,99.7269
2023-10-28,100.9723
2023-10-29,100.9385
2023-10-30,100.2677
2023-10-31,99.4531
2023-11-01,99.53
2023-11-02,99.97
2023-11-03,99.6938
2023-11-04,99.9123
2023-11-05,100.3254
2023-11-06,100.3477
2023-11-07,99.9431
2023-11-08,99.8831
2023-11-09,100.4392
2023-11-10,101.2169
2023-11-11,101.2438
2023-11-12,100.4254
2023-11-13,99.7308
2023-11-14,99.3615
2023-11-15,99.61
2023-11-16,99.7315
2023-11-17,99.1831
2023-11-18,99.8623
2023-11-19,100.0362
2023-11-20,100.5954
2023-11-21,100.9715
2023-11-22,100.7192
2023-11-23,99.7885
2023-11-24,99.7638
2023-11-25,100.1031
2023-11-26,99.7585
2023-11-27,99.58
2023-11-28,99.0877
2023-11-29,99.6431
2023-11-30,100.0
2023-12-01,100.5538
2023-12-02,100.4131
2023-12-03,99.4338
2023-12-04,99.7269
2023-12-05,100.21
2023-12-06,99.48
2023-12-07,99.5354
2023-12-08,100.3623
2023-12-09,100.2654
2023-12-10,100.0208
2023-12-11,99.69
2023-12-12,98.5077
2023-12-13,98.5415
2023-12-14,99.0977
2023-12-15,99.3538
2023-12-16,99.7323
2023-12-17,99.7692
2023-12-18,100.4031
2023-12-19,100.6954
2023-12-20,100.6246
2023-12-21,100.82
2023-12-22,100.84
2023-12-23,100.3285
2023-12-24,99.7808
2023-12-25,99.6862
2023-12-26,100.0485
2023-12-27,100.6415
2023-12-28,100.3931
2023-12-29,99.2038
2023-12-30,99.2308
2023-12-31,99.3269
2024-01-01,100.1377
2024-01-02,100.3815
2024-01-03,100.41
2024-01-04,100.0138
2024-01-05,99.6531
2024-01-06,99.8454
2024-01-07,100.6185
2024-01-08,100.8515
2024-01-09,100.8531
2024-01-10,100.9931
2024-01-11,100.7562
2024-01-12,100.8438
2024-01-13,100.5269
2024-01-14,100.0962
2024-01-15,100.0523
2024-01-16,100.7323
2024-01-17,100.6469
2024-01-18,100.3769
2024-01-19,99.9223
2024-01-20,99.8154
2024-01-21,99.8615
2024-01-22,98.8708
2024-01-23,98.3269
2024-01-24,99.5331
2024-01-25,99.9362
2024-01-26,99.3969
2024-01-27,98.5977
2024-01-28,98.6162
2024-01-29,98.8192
2024-01-30,99.3123
2024-01-31,99.17
2024-02-01,98.47
2024-02-02,97.38
2024-02-03,97.6462
2024-02-04,99.6069
2024-02-05,100.3115
2024-02-06,100.1777
2024-02-07,100.1985
2024-02-08,100.2938
2024-02-09,100.5154
2024-02-10,99.6823
2024-02-11,100.2185
2024-02-12,100.7169
2024-02-13,100.8069
2024-02-14,100.62
2024-02-15,100.7123
2024-02-16,101.0392
2024-02-17,100.9115
2024-02-18,100.3608
2024-02-19,99.5592
2024-02-20,100.2631
2024-02-21,100.9615
2024-02-22,100.9815
2024-02-23,100.5177
2024-02-24,99.7538
2024-02-25,99.6415
2024-02-26,99.5538
2024-02-27,99.2269
2024-02-28,99.8708
2024-02-29,100.3177
2024-03-01,99.8792
2024-03-02,99.2708
2024-03-03,99.0438
2024-03-04,98.2092
2024-03-05,98.7015
2024-03-06,100.3485
2024-03-07,100.3123
2024-03-08,100.4485
2024-03-09,100.9477
2024-03-10,101.3085
2024-03-11,100.4169
2024-03-12,99.8977
2024-03-13,99.5623
2024-03-14,99.3362
2024-03-15,98.9269
2024-03-16,99.7169
2024-03-17,100.0146
2024-03-18,100.4115
2024-03-19,101.2608
2024-03-20,101.2877
2024-03-21,100.7323
2024-03-22,100.36
2024-03-23,100.0762
2024-03-24,99.7346
2024-03-25,99.3646
2024-03-26,99.5708
2024-03-27,99.4754
2024-03-28,99.0469
2024-03-29,99.4269
2024-03-30,100.0369
2024-03-31,100.0854
2024-04-01,100.3115
2024-04-02,100.6762
2024-04-03,100.4531
2024-04-04,100.2738
2024-04-05,100.7962
2024-04-06,101.2031
2024-04-07,101.2992
2024-04-08,101.1115
2024-04-09,100.6454
2024-04-10,100.4715
2024-04-11,99.6131
2024-04-12,99.1646
2024-04-13,99.2415
2024-04-14,100.3677
2024-04-15,100.3746
2024-04-16,100.0969
2024-04-17,100.0846
2024-04-18,99.8931
2024-04-19,99.8123
2024-04-20,99.9146
2024-04-21,99.4538
2024-04-22,99.8331
2024-04-23,100.4823
2024-04-24,100.1477
2024-04-25,99.2423
2024-04-26,98.8692
2024-04-27,100.1646
2024-04-28,101.2192
2024-04-29,101.4285
2024-04-30,100.5562
2024-05-01,99.5477
2024-05-02,99.35
2024-05-03,100.1192
2024-05-04,100.67
2024-05-05,100.6992
2024-05-06,100.3923
2024-05-07,100.95
2024-05-08,100.7485
2024-05-09,101.05
2024-05-10,100.8077
2024-05-11,100.8677
2024-05-12,100.8077
2024-05-13,100.9462
2024-05-14,100.8362
2024-05-15,99.8708
2024-05-16,99.8092
2024-05-17,100.5015
2024-05-18,100.3077
2024-05-19,100.4192
2024-05-20,100.1262
2024-05-21,99.1608
2024-05-22,99.5485
2024-05-23,99.6554
2024-05-24,99.4415
2024-05-25,99.1585
2024-05-26,99.0115
2024-05-27,99.3115
2024-05-28,99.1292
2024-05-29,98.9115
2024-05-30,100.0862
2024-05-31,100.6115
2024-06-01,100.5492
2024-06-02,100.9346
2024-06-03,100.8092
2024-06-04,101.0608
2024-06-05,100.9685
2024-06-06,100.8754
2024-06-07,100.8085
2024-06-08,101.0015
2024-06-09,100.0731
2024-06-10,99.0808
2024-06-11,99.6069
2024-06-12,99.6085
2024-06-13,99.3346
2024-06-14,98.3838
2024-06-15,98.4123
2024-06-16,99.1638
2024-06-17,99.1115
2024-06-18,100.0862
2024-06-19,100.5369
2024-06-20,100.6577
2024-06-21,100.7977
2024-06-22,100.5531
2024-06-23,100.0946
2024-06-24,100.1846
2024-06-25,99.9431
2024-06-26,100.4023
2024-06-27,100.7892
2024-06-28,100.5031
2024-06-29,100.3792
2024-06-30,100.1554
2024-07-01,99.0431
2024-07-02,99.08
2024-07-03,100.6108
2024-07-04,101.1077
2024-07-05,100.6431
2024-07-06,100.1815
2024-07-07,100.2108
2024-07-08,101.2677
2024-07-09,102.18
2024-07-10,102.3831
2024-07-11,102.2577
2024-07-12,101.7885
2024-07-13,101.5338
2024-07-14,101.1623
2024-07-15,100.0569
2024-07-16,99.2392
2024-07-17,99.1069
2024-07-18,99.6123
2024-07-19,99.6069
2024-07-20,98.6331
2024-07-21,98.4985
2024-07-22,98.8938
2024-07-23,99.5
2024-07-24,99.9077
2024-07-25,100.4677
2024-07-26,100.9054
2024-07-27,100.8169
2024-07-28,100.3815
2024-07-29,99.8569
2024-07-30,99.7423
2024-07-31,100.4169
2024-08-01,100.7054
2024-08-02,101.0277
2024-08-03,101.1162
2024-08-04,100.6185
2024-08-05,100.2323
2024-08-06,100.54
2024-08-07,100.8362
2024-08-08,100.6362
2024-08-09,100.9108
2024-08-10,101.0615
2024-08-11,100.7285
2024-08-12,100.1562
2024-08-13,100.9969
2024-08-14,101.1362
2024-08-15,100.6254
2024-08-16,100.1854
2024-08-17,99.3062
2024-08-18,97.6369
2024-08-19,97.9054
2024-08-20,99.9123
2024-08-21,100.9192
2024-08-22,101.1
2024-08-23,100.6323
2024-08-24,100.3431
2024-08-25,100.2769
2024-08-26,100.0177
2024-08-27,99.3669
2024-08-28,99.1062
2024-08-29,98.5508
2024-08-30,99.2138
2024-08-31,99.3223
2024-09-01,99.2831
2024-09-02,99.66
2024-09-03,98.9538
2024-09-04,99.7938
2024-09-05,100.4254
2024-09-06,100.2331
2024-09-07,99.3162
2024-09-08,99.4477
2024-09-09,99.4062
2024-09-10,99.55
2024-09-11,100.67
2024-09-12,100.6031
2024-09-13,100.11
2024-09-14,99.6277
2024-09-15,99.3523
2024-09-16,98.2115
2024-09-17,97.9892
2024-09-18,98.6992
2024-09-19,98.4377
2024-09-20,98.4862
2024-09-21,99.3169
2024-09-22,99.4923
2024-09-23,99.4508
2024-09-24,99.3808
2024-09-25,100.3192
2024-09-26,99.5723
2024-09-27,99.6385
2024-09-28,100.5323
2024-09-29,100.7946
2024-09-30,101.0208
2024-10-01,100.6485
2024-10-02,99.8885
2024-10-03,99.4569
2024-10-04,99.7446
2024-10-05,99.5538
2024-10-06,99.4977
2024-10-07,99.3785
2024-10-08,99.4008
2024-10-09,99.2377
2024-10-10,100.2615
2024-10-11,100.3115
2024-10-12,99.5185
2024-10-13,99.5592
2024-10-14,99.5431
2024-10-15,100.4085
2024-10-16,101.2315
2024-10-17,101.1715
2024-10-18,100.9792
2024-10-19,101.0231
2024-10-20,100.8346
2024-10-21,100.3562
2024-10-22,100.2
2024-10-23,100.0054
2024-10-24,99.7269
2024-10-25,99.7923
2024-10-26,99.4762
2024-10-27,99.2585
2024-10-28,99.0562
2024-10-29,98.9085
2024-10-30,98.5431
2024-10-31,98.9708
2024-11-01,99.5215
2024-11-02,99.5523
2024-11-03,100.4008
2024-11-04,100.1677
2024-11-05,100.1162
2024-11-06,100.6877
2024-11-07,100.5246
2024-11-08,100.2192
2024-11-09,100.1738
2024-11-10,100.3623
2024-11-11,100.5062
2024-11-12,101.0923
2024-11-13,101.0192
2024-11-14,100.3154
2024-11-15,99.5546
2024-11-16,100.3954
2024-11-17,101.3223
2024-11-18,101.1254
2024-11-19,100.2369
2024-11-20,99.4169
2024-11-21,99.6015
2024-11-22,100.2285
2024-11-23,100.1815
2024-11-24,100.2069
2024-11-25,100.1092
2024-11-26,100.1215
2024-11-27,100.4146
2024-11-28,100.1662
2024-11-29,100.4477
2024-11-30,100.8215
2024-12-01,100.7431
2024-12-02,100.8185
2024-12-03,100.3362
2024-12-04,99.9754
2024-12-05,99.4962
2024-12-06,99.86
2024-12-07,99.8608
2024-12-08,99.1292
2024-12-09,98.9592
2024-12-10,99.4631
2024-12-11,99.4885
2024-12-12,98.9846
2024-12-13,99.2792
2024-12-14,99.8908
2024-12-15,100.0262
2024-12-16,99.7192
2024-12-17,99.92
2024-12-18,99.6462
2024-12-19,98.9815
2024-12-20,98.6454
2024-12-21,98.5615
2024-12-22,98.4777
2024-12-23,98.7146
2024-12-24,98.9154
2024-12-25,98.5385
2024-12-26,98.1346
2024-12-27,98.8462
2024-12-28,99.2962
2024-12-29,99.2908
2024-12-30,98.9154
2024-12-31,98.7608
